max_depth,learning_rate,n_estimators,subsample,colsample_bytree,min_child_weight,reg_lambda,reg_alpha,mean_outer_R2,std_outer_R2,median_best_rounds,fold_1_R2,fold_2_R2,fold_3_R2,fold_4_R2,fold_5_R2,fold_1_best_rounds,fold_2_best_rounds,fold_3_best_rounds,fold_4_best_rounds,fold_5_best_rounds
7,0.1,600,1.0,0.8,3,2.0,0.0,0.7022777830349939,0.09614568988541865,21,0.7316171122391874,0.5705285689074976,0.7667436612386754,0.6137193407507698,0.8287802320388389,17,15,34,21,23
7,0.1,900,1.0,0.8,3,2.0,0.0,0.7022777830349939,0.09614568988541865,21,0.7316171122391874,0.5705285689074976,0.7667436612386754,0.6137193407507698,0.8287802320388389,17,15,34,21,23
7,0.1,1200,1.0,0.8,3,2.0,0.0,0.7022777830349939,0.09614568988541865,21,0.7316171122391874,0.5705285689074976,0.7667436612386754,0.6137193407507698,0.8287802320388389,17,15,34,21,23
7,0.02,600,1.0,0.8,3,1.0,0.1,0.6995620268210326,0.07994351420986723,88,0.7403787798626288,0.6097050009026552,0.7211387437742751,0.6099210406742164,0.8166665688913878,73,71,168,88,92
7,0.02,900,1.0,0.8,3,1.0,0.1,0.6995620268210326,0.07994351420986723,88,0.7403787798626288,0.6097050009026552,0.7211387437742751,0.6099210406742164,0.8166665688913878,73,71,168,88,92
7,0.02,1200,1.0,0.8,3,1.0,0.1,0.6995620268210326,0.07994351420986723,88,0.7403787798626288,0.6097050009026552,0.7211387437742751,0.6099210406742164,0.8166665688913878,73,71,168,88,92
5,0.1,600,1.0,0.8,3,2.0,0.0,0.6990552043283496,0.0944192143484156,21,0.7316171122391874,0.5705285689074976,0.7514811629452688,0.6128911069534632,0.8287580705963312,17,15,34,21,23
5,0.1,900,1.0,0.8,3,2.0,0.0,0.6990552043283496,0.0944192143484156,21,0.7316171122391874,0.5705285689074976,0.7514811629452688,0.6128911069534632,0.8287580705963312,17,15,34,21,23
5,0.1,1200,1.0,0.8,3,2.0,0.0,0.6990552043283496,0.0944192143484156,21,0.7316171122391874,0.5705285689074976,0.7514811629452688,0.6128911069534632,0.8287580705963312,17,15,34,21,23
7,0.1,600,1.0,0.8,3,2.0,0.1,0.6970486203331948,0.0960854199445009,21,0.7120827157597186,0.5678543665316746,0.766942495887442,0.611061563233869,0.8273019602532702,18,15,35,21,23
7,0.1,900,1.0,0.8,3,2.0,0.1,0.6970486203331948,0.0960854199445009,21,0.7120827157597186,0.5678543665316746,0.766942495887442,0.611061563233869,0.8273019602532702,18,15,35,21,23
7,0.1,1200,1.0,0.8,3,2.0,0.1,0.6970486203331948,0.0960854199445009,21,0.7120827157597186,0.5678543665316746,0.766942495887442,0.611061563233869,0.8273019602532702,18,15,35,21,23
5,0.1,600,1.0,0.8,3,2.0,0.1,0.6953047748783191,0.09497633156268256,21,0.7120827157597186,0.5678543665316746,0.7585571747802176,0.6107276570667146,0.8273019602532702,18,15,34,21,23
5,0.1,900,1.0,0.8,3,2.0,0.1,0.6953047748783191,0.09497633156268256,21,0.7120827157597186,0.5678543665316746,0.7585571747802176,0.6107276570667146,0.8273019602532702,18,15,34,21,23
5,0.1,1200,1.0,0.8,3,2.0,0.1,0.6953047748783191,0.09497633156268256,21,0.7120827157597186,0.5678543665316746,0.7585571747802176,0.6107276570667146,0.8273019602532702,18,15,34,21,23
7,0.02,600,1.0,0.8,3,2.0,0.0,0.6952122352864222,0.09327094258260286,107,0.7385409943554522,0.5665870065940859,0.7309370441257405,0.6137658293055267,0.8262303020513057,94,71,194,107,117
7,0.02,900,1.0,0.8,3,2.0,0.0,0.6952122352864222,0.09327094258260286,107,0.7385409943554522,0.5665870065940859,0.7309370441257405,0.6137658293055267,0.8262303020513057,94,71,194,107,117
7,0.02,1200,1.0,0.8,3,2.0,0.0,0.6952122352864222,0.09327094258260286,107,0.7385409943554522,0.5665870065940859,0.7309370441257405,0.6137658293055267,0.8262303020513057,94,71,194,107,117
7,0.02,600,1.0,0.8,3,2.0,0.1,0.6928695232304692,0.09400628247330312,107,0.7306885982213922,0.562834289292262,0.7356133532057383,0.6108450429174535,0.8243663325155006,94,71,194,107,117
7,0.02,900,1.0,0.8,3,2.0,0.1,0.6928695232304692,0.09400628247330312,107,0.7306885982213922,0.562834289292262,0.7356133532057383,0.6108450429174535,0.8243663325155006,94,71,194,107,117
7,0.02,1200,1.0,0.8,3,2.0,0.1,0.6928695232304692,0.09400628247330312,107,0.7306885982213922,0.562834289292262,0.7356133532057383,0.6108450429174535,0.8243663325155006,94,71,194,107,117
7,0.1,600,1.0,0.8,3,1.0,0.0,0.691847045748626,0.10273527753537905,17,0.7247834790950058,0.560390220213266,0.7120994300733374,0.6066148946553962,0.8553472047061244,15,12,34,17,23
7,0.1,900,1.0,0.8,3,1.0,0.0,0.691847045748626,0.10273527753537905,17,0.7247834790950058,0.560390220213266,0.7120994300733374,0.6066148946553962,0.8553472047061244,15,12,34,17,23
7,0.1,1200,1.0,0.8,3,1.0,0.0,0.691847045748626,0.10273527753537905,17,0.7247834790950058,0.560390220213266,0.7120994300733374,0.6066148946553962,0.8553472047061244,15,12,34,17,23
5,0.02,600,1.0,0.8,3,2.0,0.0,0.6913976360440272,0.09321706975942798,107,0.7385409943554522,0.5628557205136898,0.7153562942960456,0.6141036668901507,0.8261315041647974,94,71,194,107,117
5,0.02,900,1.0,0.8,3,2.0,0.0,0.6913976360440272,0.09321706975942798,107,0.7385409943554522,0.5628557205136898,0.7153562942960456,0.6141036668901507,0.8261315041647974,94,71,194,107,117
5,0.02,1200,1.0,0.8,3,2.0,0.0,0.6913976360440272,0.09321706975942798,107,0.7385409943554522,0.5628557205136898,0.7153562942960456,0.6141036668901507,0.8261315041647974,94,71,194,107,117
7,0.1,600,1.0,0.8,3,1.0,0.1,0.6912521610207965,0.10414745791296759,17,0.7262543297353927,0.5573547976806539,0.7171473817178411,0.6017665363606042,0.8537377596094902,15,12,34,17,23
7,0.1,900,1.0,0.8,3,1.0,0.1,0.6912521610207965,0.10414745791296759,17,0.7262543297353927,0.5573547976806539,0.7171473817178411,0.6017665363606042,0.8537377596094902,15,12,34,17,23
7,0.1,1200,1.0,0.8,3,1.0,0.1,0.6912521610207965,0.10414745791296759,17,0.7262543297353927,0.5573547976806539,0.7171473817178411,0.6017665363606042,0.8537377596094902,15,12,34,17,23
7,0.02,600,1.0,0.8,3,1.0,0.0,0.6912343476284123,0.06899675817959942,79,0.7382332235192881,0.6135396503537339,0.7038798855774577,0.6129823821503687,0.7875365965412132,76,71,176,88,79
7,0.02,900,1.0,0.8,3,1.0,0.0,0.6912343476284123,0.06899675817959942,79,0.7382332235192881,0.6135396503537339,0.7038798855774577,0.6129823821503687,0.7875365965412132,76,71,176,88,79
7,0.02,1200,1.0,0.8,3,1.0,0.0,0.6912343476284123,0.06899675817959942,79,0.7382332235192881,0.6135396503537339,0.7038798855774577,0.6129823821503687,0.7875365965412132,76,71,176,88,79
7,0.05,600,1.0,0.8,3,2.0,0.0,0.6897140305902963,0.07469525364932593,41,0.7339472186976506,0.5933835484252642,0.7161273204641927,0.6141442915304068,0.7909677738339674,41,31,84,44,39
7,0.05,900,1.0,0.8,3,2.0,0.0,0.6897140305902963,0.07469525364932593,41,0.7339472186976506,0.5933835484252642,0.7161273204641927,0.6141442915304068,0.7909677738339674,41,31,84,44,39
7,0.05,1200,1.0,0.8,3,2.0,0.0,0.6897140305902963,0.07469525364932593,41,0.7339472186976506,0.5933835484252642,0.7161273204641927,0.6141442915304068,0.7909677738339674,41,31,84,44,39
5,0.02,600,1.0,0.8,3,2.0,0.1,0.6891728486785464,0.09328579823691882,107,0.7306885982213922,0.5605553824780509,0.7192116000025863,0.6111332914139618,0.8242753712767416,94,71,194,107,117
5,0.02,900,1.0,0.8,3,2.0,0.1,0.6891728486785464,0.09328579823691882,107,0.7306885982213922,0.5605553824780509,0.7192116000025863,0.6111332914139618,0.8242753712767416,94,71,194,107,117
5,0.02,1200,1.0,0.8,3,2.0,0.1,0.6891728486785464,0.09328579823691882,107,0.7306885982213922,0.5605553824780509,0.7192116000025863,0.6111332914139618,0.8242753712767416,94,71,194,107,117
5,0.1,600,1.0,0.8,3,1.0,0.1,0.6888589847631126,0.10369266468210307,17,0.7262543297353927,0.5573547976806539,0.7060144403072182,0.6012130016718317,0.8534583544204667,15,12,34,17,23
5,0.1,900,1.0,0.8,3,1.0,0.1,0.6888589847631126,0.10369266468210307,17,0.7262543297353927,0.5573547976806539,0.7060144403072182,0.6012130016718317,0.8534583544204667,15,12,34,17,23
5,0.1,1200,1.0,0.8,3,1.0,0.1,0.6888589847631126,0.10369266468210307,17,0.7262543297353927,0.5573547976806539,0.7060144403072182,0.6012130016718317,0.8534583544204667,15,12,34,17,23
5,0.1,600,1.0,0.8,3,1.0,0.0,0.687675178697239,0.10246058080119617,17,0.7247834790950058,0.560390220213266,0.6937455485645051,0.6045512817276729,0.8549053638857455,15,12,34,17,23
5,0.1,900,1.0,0.8,3,1.0,0.0,0.687675178697239,0.10246058080119617,17,0.7247834790950058,0.560390220213266,0.6937455485645051,0.6045512817276729,0.8549053638857455,15,12,34,17,23
5,0.1,1200,1.0,0.8,3,1.0,0.0,0.687675178697239,0.10246058080119617,17,0.7247834790950058,0.560390220213266,0.6937455485645051,0.6045512817276729,0.8549053638857455,15,12,34,17,23
7,0.05,600,1.0,0.8,3,2.0,0.1,0.6872872132861907,0.07456976468776483,41,0.722741999965953,0.590417616366648,0.7209534598209153,0.6127191953820486,0.7896037948953886,41,31,83,44,39
7,0.05,900,1.0,0.8,3,2.0,0.1,0.6872872132861907,0.07456976468776483,41,0.722741999965953,0.590417616366648,0.7209534598209153,0.6127191953820486,0.7896037948953886,41,31,83,44,39
7,0.05,1200,1.0,0.8,3,2.0,0.1,0.6872872132861907,0.07456976468776483,41,0.722741999965953,0.590417616366648,0.7209534598209153,0.6127191953820486,0.7896037948953886,41,31,83,44,39
5,0.05,600,1.0,0.8,3,2.0,0.0,0.6872279547119392,0.0741451685216722,41,0.7339472186976506,0.5920340182095131,0.7040582120390164,0.6151325507795486,0.7909677738339674,41,31,84,44,39
5,0.05,900,1.0,0.8,3,2.0,0.0,0.6872279547119392,0.0741451685216722,41,0.7339472186976506,0.5920340182095131,0.7040582120390164,0.6151325507795486,0.7909677738339674,41,31,84,44,39
5,0.05,1200,1.0,0.8,3,2.0,0.0,0.6872279547119392,0.0741451685216722,41,0.7339472186976506,0.5920340182095131,0.7040582120390164,0.6151325507795486,0.7909677738339674,41,31,84,44,39
7,0.1,600,0.8,0.8,1,2.0,0.0,0.6840543533614722,0.10032370547659264,20,0.7028160852909472,0.6009125095791437,0.8364386344056091,0.5507037247838791,0.7294008127477819,20,15,32,21,18
7,0.1,900,0.8,0.8,1,2.0,0.0,0.6840543533614722,0.10032370547659264,20,0.7028160852909472,0.6009125095791437,0.8364386344056091,0.5507037247838791,0.7294008127477819,20,15,32,21,18
7,0.1,1200,0.8,0.8,1,2.0,0.0,0.6840543533614722,0.10032370547659264,20,0.7028160852909472,0.6009125095791437,0.8364386344056091,0.5507037247838791,0.7294008127477819,20,15,32,21,18
5,0.05,600,1.0,0.8,3,2.0,0.1,0.6840365433744837,0.07373245802625017,41,0.722741999965953,0.5897094221288799,0.7059408938553545,0.6121866060268426,0.7896037948953886,41,31,84,44,39
5,0.05,900,1.0,0.8,3,2.0,0.1,0.6840365433744837,0.07373245802625017,41,0.722741999965953,0.5897094221288799,0.7059408938553545,0.6121866060268426,0.7896037948953886,41,31,84,44,39
5,0.05,1200,1.0,0.8,3,2.0,0.1,0.6840365433744837,0.07373245802625017,41,0.722741999965953,0.5897094221288799,0.7059408938553545,0.6121866060268426,0.7896037948953886,41,31,84,44,39
5,0.02,600,1.0,0.8,3,1.0,0.0,0.6827093792769338,0.07016501303135711,79,0.7382332235192881,0.6093826688912111,0.6654705477140687,0.6129238597188879,0.7875365965412132,76,71,194,88,79
5,0.02,900,1.0,0.8,3,1.0,0.0,0.6827093792769338,0.07016501303135711,79,0.7382332235192881,0.6093826688912111,0.6654705477140687,0.6129238597188879,0.7875365965412132,76,71,194,88,79
5,0.02,1200,1.0,0.8,3,1.0,0.0,0.6827093792769338,0.07016501303135711,79,0.7382332235192881,0.6093826688912111,0.6654705477140687,0.6129238597188879,0.7875365965412132,76,71,194,88,79
7,0.1,600,0.8,0.8,1,2.0,0.1,0.682385686201368,0.10476480988526933,20,0.7035520860503792,0.5740842652205451,0.8447018157668389,0.5625501101513661,0.7270401538177105,20,14,33,22,18
7,0.1,900,0.8,0.8,1,2.0,0.1,0.682385686201368,0.10476480988526933,20,0.7035520860503792,0.5740842652205451,0.8447018157668389,0.5625501101513661,0.7270401538177105,20,14,33,22,18
7,0.1,1200,0.8,0.8,1,2.0,0.1,0.682385686201368,0.10476480988526933,20,0.7035520860503792,0.5740842652205451,0.8447018157668389,0.5625501101513661,0.7270401538177105,20,14,33,22,18
5,0.02,600,1.0,0.8,3,1.0,0.1,0.6804212610732986,0.08398364181468577,88,0.7403787798626288,0.6060548183629386,0.6289059314010546,0.6101502638148001,0.8166165119250708,73,71,242,88,92
5,0.02,900,1.0,0.8,3,1.0,0.1,0.6804212610732986,0.08398364181468577,88,0.7403787798626288,0.6060548183629386,0.6289059314010546,0.6101502638148001,0.8166165119250708,73,71,242,88,92
5,0.02,1200,1.0,0.8,3,1.0,0.1,0.6804212610732986,0.08398364181468577,88,0.7403787798626288,0.6060548183629386,0.6289059314010546,0.6101502638148001,0.8166165119250708,73,71,242,88,92
7,0.02,600,0.8,0.8,1,1.0,0.0,0.679534006870357,0.0650081092671076,80,0.6576742952941813,0.7228751483454817,0.7125624765242858,0.5622862089460022,0.7422719052418343,68,145,164,80,68
7,0.02,900,0.8,0.8,1,1.0,0.0,0.679534006870357,0.0650081092671076,80,0.6576742952941813,0.7228751483454817,0.7125624765242858,0.5622862089460022,0.7422719052418343,68,145,164,80,68
7,0.02,1200,0.8,0.8,1,1.0,0.0,0.679534006870357,0.0650081092671076,80,0.6576742952941813,0.7228751483454817,0.7125624765242858,0.5622862089460022,0.7422719052418343,68,145,164,80,68
5,0.02,600,0.8,0.8,1,1.0,0.0,0.6770813402627063,0.06520011346212067,80,0.6638932855668311,0.7193573858549874,0.7029292574642416,0.5571012428571609,0.7421255295703103,68,145,163,80,68
5,0.02,900,0.8,0.8,1,1.0,0.0,0.6770813402627063,0.06520011346212067,80,0.6638932855668311,0.7193573858549874,0.7029292574642416,0.5571012428571609,0.7421255295703103,68,145,163,80,68
5,0.02,1200,0.8,0.8,1,1.0,0.0,0.6770813402627063,0.06520011346212067,80,0.6638932855668311,0.7193573858549874,0.7029292574642416,0.5571012428571609,0.7421255295703103,68,145,163,80,68
7,0.05,600,0.8,0.8,1,1.0,0.0,0.6769946060973028,0.10466061590991153,30,0.7245292100177037,0.7044619371617324,0.8285342344041089,0.5241610207663088,0.6032866281366602,28,51,46,30,19
7,0.05,900,0.8,0.8,1,1.0,0.0,0.6769946060973028,0.10466061590991153,30,0.7245292100177037,0.7044619371617324,0.8285342344041089,0.5241610207663088,0.6032866281366602,28,51,46,30,19
7,0.05,1200,0.8,0.8,1,1.0,0.0,0.6769946060973028,0.10466061590991153,30,0.7245292100177037,0.7044619371617324,0.8285342344041089,0.5241610207663088,0.6032866281366602,28,51,46,30,19
7,0.02,600,0.8,0.8,1,1.0,0.1,0.673753304620098,0.06357485443191369,80,0.6562416208411885,0.7231682850861887,0.6920601406394146,0.5595846591261077,0.7377118174075905,68,145,179,80,68
7,0.02,900,0.8,0.8,1,1.0,0.1,0.673753304620098,0.06357485443191369,80,0.6562416208411885,0.7231682850861887,0.6920601406394146,0.5595846591261077,0.7377118174075905,68,145,179,80,68
7,0.02,1200,0.8,0.8,1,1.0,0.1,0.673753304620098,0.06357485443191369,80,0.6562416208411885,0.7231682850861887,0.6920601406394146,0.5595846591261077,0.7377118174075905,68,145,179,80,68
7,0.1,600,0.8,0.8,1,1.0,0.1,0.6728172146833986,0.08525549298982946,17,0.7452327431169228,0.6569405914128448,0.7856371607683884,0.5446816674119552,0.6315939107068813,17,15,32,17,11
7,0.1,900,0.8,0.8,1,1.0,0.1,0.6728172146833986,0.08525549298982946,17,0.7452327431169228,0.6569405914128448,0.7856371607683884,0.5446816674119552,0.6315939107068813,17,15,32,17,11
7,0.1,1200,0.8,0.8,1,1.0,0.1,0.6728172146833986,0.08525549298982946,17,0.7452327431169228,0.6569405914128448,0.7856371607683884,0.5446816674119552,0.6315939107068813,17,15,32,17,11
7,0.02,600,1.0,0.8,1,2.0,0.0,0.671581077537444,0.06987085894699809,94,0.6312427385634098,0.6715102629624092,0.7626533560840385,0.5649938629056067,0.7275051671717558,80,94,164,95,76
7,0.02,900,1.0,0.8,1,2.0,0.0,0.671581077537444,0.06987085894699809,94,0.6312427385634098,0.6715102629624092,0.7626533560840385,0.5649938629056067,0.7275051671717558,80,94,164,95,76
7,0.02,1200,1.0,0.8,1,2.0,0.0,0.671581077537444,0.06987085894699809,94,0.6312427385634098,0.6715102629624092,0.7626533560840385,0.5649938629056067,0.7275051671717558,80,94,164,95,76
5,0.02,600,0.8,0.8,1,1.0,0.1,0.6711015530661337,0.06398128354661756,80,0.6645421668358512,0.718344207731799,0.6809960929450992,0.554117038361267,0.7375082594566515,72,145,179,80,68
5,0.02,900,0.8,0.8,1,1.0,0.1,0.6711015530661337,0.06398128354661756,80,0.6645421668358512,0.718344207731799,0.6809960929450992,0.554117038361267,0.7375082594566515,72,145,179,80,68
5,0.02,1200,0.8,0.8,1,1.0,0.1,0.6711015530661337,0.06398128354661756,80,0.6645421668358512,0.718344207731799,0.6809960929450992,0.554117038361267,0.7375082594566515,72,145,179,80,68
3,0.05,600,1.0,0.8,3,2.0,0.1,0.6707662028050827,0.1254177723621902,44,0.5502104823883791,0.5873129289129915,0.7088138134371501,0.6089526503479366,0.8985411389389564,36,29,84,44,92
3,0.05,900,1.0,0.8,3,2.0,0.1,0.6707662028050827,0.1254177723621902,44,0.5502104823883791,0.5873129289129915,0.7088138134371501,0.6089526503479366,0.8985411389389564,36,29,84,44,92
3,0.05,1200,1.0,0.8,3,2.0,0.1,0.6707662028050827,0.1254177723621902,44,0.5502104823883791,0.5873129289129915,0.7088138134371501,0.6089526503479366,0.8985411389389564,36,29,84,44,92
5,0.05,600,1.0,0.8,3,1.0,0.1,0.6706962082304716,0.05049104331432133,32,0.7350289686990441,0.6333510619704986,0.6579820691101008,0.6046109852221886,0.7225079561505257,32,31,84,35,23
5,0.05,900,1.0,0.8,3,1.0,0.1,0.6706962082304716,0.05049104331432133,32,0.7350289686990441,0.6333510619704986,0.6579820691101008,0.6046109852221886,0.7225079561505257,32,31,84,35,23
5,0.05,1200,1.0,0.8,3,1.0,0.1,0.6706962082304716,0.05049104331432133,32,0.7350289686990441,0.6333510619704986,0.6579820691101008,0.6046109852221886,0.7225079561505257,32,31,84,35,23
5,0.05,600,1.0,0.8,3,1.0,0.0,0.6703557520743848,0.04853248363299987,31,0.7290741150484585,0.6368199748085756,0.6531273621576521,0.6077439234454947,0.7250133849117432,31,31,84,35,23
5,0.05,900,1.0,0.8,3,1.0,0.0,0.6703557520743848,0.04853248363299987,31,0.7290741150484585,0.6368199748085756,0.6531273621576521,0.6077439234454947,0.7250133849117432,31,31,84,35,23
5,0.05,1200,1.0,0.8,3,1.0,0.0,0.6703557520743848,0.04853248363299987,31,0.7290741150484585,0.6368199748085756,0.6531273621576521,0.6077439234454947,0.7250133849117432,31,31,84,35,23
7,0.05,600,1.0,0.8,3,1.0,0.1,0.6693812727550879,0.05305537416995043,32,0.7350289686990441,0.6112485445496688,0.6684218176898791,0.6096990766863211,0.7225079561505257,32,28,84,36,23
7,0.05,900,1.0,0.8,3,1.0,0.1,0.6693812727550879,0.05305537416995043,32,0.7350289686990441,0.6112485445496688,0.6684218176898791,0.6096990766863211,0.7225079561505257,32,28,84,36,23
7,0.05,1200,1.0,0.8,3,1.0,0.1,0.6693812727550879,0.05305537416995043,32,0.7350289686990441,0.6112485445496688,0.6684218176898791,0.6096990766863211,0.7225079561505257,32,28,84,36,23
7,0.02,600,0.8,0.8,1,2.0,0.0,0.6690182908652794,0.07804666782688326,103,0.5999121070147566,0.7121251609763553,0.7888437891780802,0.5717925838804162,0.6724178132767885,85,145,164,103,68
7,0.02,900,0.8,0.8,1,2.0,0.0,0.6690182908652794,0.07804666782688326,103,0.5999121070147566,0.7121251609763553,0.7888437891780802,0.5717925838804162,0.6724178132767885,85,145,164,103,68
7,0.02,1200,0.8,0.8,1,2.0,0.0,0.6690182908652794,0.07804666782688326,103,0.5999121070147566,0.7121251609763553,0.7888437891780802,0.5717925838804162,0.6724178132767885,85,145,164,103,68
7,0.1,600,1.0,0.8,1,2.0,0.1,0.6685614841439725,0.10784519893213468,18,0.5913411937910646,0.602583817835489,0.7573739820445378,0.5570632619013494,0.8344451651474221,17,15,34,18,23
7,0.1,900,1.0,0.8,1,2.0,0.1,0.6685614841439725,0.10784519893213468,18,0.5913411937910646,0.602583817835489,0.7573739820445378,0.5570632619013494,0.8344451651474221,17,15,34,18,23
7,0.1,1200,1.0,0.8,1,2.0,0.1,0.6685614841439725,0.10784519893213468,18,0.5913411937910646,0.602583817835489,0.7573739820445378,0.5570632619013494,0.8344451651474221,17,15,34,18,23
7,0.05,600,1.0,0.8,3,1.0,0.0,0.6679749652731664,0.05169175898177461,31,0.7290741150484585,0.6160048106479017,0.6621285664219445,0.6076539493357841,0.7250133849117432,31,28,84,35,23
7,0.05,900,1.0,0.8,3,1.0,0.0,0.6679749652731664,0.05169175898177461,31,0.7290741150484585,0.6160048106479017,0.6621285664219445,0.6076539493357841,0.7250133849117432,31,28,84,35,23
7,0.05,1200,1.0,0.8,3,1.0,0.0,0.6679749652731664,0.05169175898177461,31,0.7290741150484585,0.6160048106479017,0.6621285664219445,0.6076539493357841,0.7250133849117432,31,28,84,35,23
3,0.1,600,1.0,0.8,3,2.0,0.1,0.6676420161976073,0.14320483541717768,21,0.5569666195526647,0.5191510708332701,0.7609301748275551,0.5992882565105236,0.9018739592640236,17,12,34,21,49
3,0.1,900,1.0,0.8,3,2.0,0.1,0.6676420161976073,0.14320483541717768,21,0.5569666195526647,0.5191510708332701,0.7609301748275551,0.5992882565105236,0.9018739592640236,17,12,34,21,49
3,0.1,1200,1.0,0.8,3,2.0,0.1,0.6676420161976073,0.14320483541717768,21,0.5569666195526647,0.5191510708332701,0.7609301748275551,0.5992882565105236,0.9018739592640236,17,12,34,21,49
7,0.02,600,1.0,0.8,1,2.0,0.1,0.6673479906273116,0.06250179755262386,94,0.6301725182559881,0.6685149036965581,0.74234057278766,0.5711577665194572,0.7245541918768947,80,94,177,97,76
7,0.02,900,1.0,0.8,1,2.0,0.1,0.6673479906273116,0.06250179755262386,94,0.6301725182559881,0.6685149036965581,0.74234057278766,0.5711577665194572,0.7245541918768947,80,94,177,97,76
7,0.02,1200,1.0,0.8,1,2.0,0.1,0.6673479906273116,0.06250179755262386,94,0.6301725182559881,0.6685149036965581,0.74234057278766,0.5711577665194572,0.7245541918768947,80,94,177,97,76
7,0.05,600,0.8,0.8,1,1.0,0.1,0.6667415725552767,0.0760162725879346,31,0.7249591343119923,0.6583983761234353,0.7087309281397349,0.5221920223204127,0.7194274018808084,28,36,74,31,28
7,0.05,900,0.8,0.8,1,1.0,0.1,0.6667415725552767,0.0760162725879346,31,0.7249591343119923,0.6583983761234353,0.7087309281397349,0.5221920223204127,0.7194274018808084,28,36,74,31,28
7,0.05,1200,0.8,0.8,1,1.0,0.1,0.6667415725552767,0.0760162725879346,31,0.7249591343119923,0.6583983761234353,0.7087309281397349,0.5221920223204127,0.7194274018808084,28,36,74,31,28
7,0.05,600,1.0,0.8,1,2.0,0.1,0.6664628987569389,0.06728930528460594,40,0.601058544118872,0.6944126103174385,0.760699502736123,0.5785416571986843,0.6976021794135763,30,44,67,40,26
7,0.05,900,1.0,0.8,1,2.0,0.1,0.6664628987569389,0.06728930528460594,40,0.601058544118872,0.6944126103174385,0.760699502736123,0.5785416571986843,0.6976021794135763,30,44,67,40,26
7,0.05,1200,1.0,0.8,1,2.0,0.1,0.6664628987569389,0.06728930528460594,40,0.601058544118872,0.6944126103174385,0.760699502736123,0.5785416571986843,0.6976021794135763,30,44,67,40,26
3,0.1,600,1.0,0.8,3,2.0,0.0,0.6660631682635824,0.14350683351769267,21,0.5467520173035796,0.521308904000285,0.7604513663103929,0.6017746538649912,0.9000288998386634,17,12,34,21,49
3,0.1,900,1.0,0.8,3,2.0,0.0,0.6660631682635824,0.14350683351769267,21,0.5467520173035796,0.521308904000285,0.7604513663103929,0.6017746538649912,0.9000288998386634,17,12,34,21,49
3,0.1,1200,1.0,0.8,3,2.0,0.0,0.6660631682635824,0.14350683351769267,21,0.5467520173035796,0.521308904000285,0.7604513663103929,0.6017746538649912,0.9000288998386634,17,12,34,21,49
5,0.1,600,0.8,1.0,1,1.0,0.1,0.6650241809851632,0.182919750013278,17,0.3914255735141603,0.6057405933797235,0.8224082282324994,0.596635663843812,0.9089108459556208,14,11,20,17,21
5,0.1,900,0.8,1.0,1,1.0,0.1,0.6650241809851632,0.182919750013278,17,0.3914255735141603,0.6057405933797235,0.8224082282324994,0.596635663843812,0.9089108459556208,14,11,20,17,21
5,0.1,1200,0.8,1.0,1,1.0,0.1,0.6650241809851632,0.182919750013278,17,0.3914255735141603,0.6057405933797235,0.8224082282324994,0.596635663843812,0.9089108459556208,14,11,20,17,21
7,0.05,600,0.8,0.8,3,1.0,0.1,0.6643662853222447,0.06957159879690362,37,0.6817237689808101,0.642070541209145,0.7665015906964823,0.5515517174499642,0.6799838082748223,36,37,66,43,28
7,0.05,900,0.8,0.8,3,1.0,0.1,0.6643662853222447,0.06957159879690362,37,0.6817237689808101,0.642070541209145,0.7665015906964823,0.5515517174499642,0.6799838082748223,36,37,66,43,28
7,0.05,1200,0.8,0.8,3,1.0,0.1,0.6643662853222447,0.06957159879690362,37,0.6817237689808101,0.642070541209145,0.7665015906964823,0.5515517174499642,0.6799838082748223,36,37,66,43,28
3,0.1,600,0.8,1.0,1,1.0,0.1,0.663945086762123,0.19567261906935726,15,0.3814617687740729,0.6023806420369743,0.8376464151611688,0.5713955449066173,0.9268410629317824,13,11,21,15,25
3,0.1,900,0.8,1.0,1,1.0,0.1,0.663945086762123,0.19567261906935726,15,0.3814617687740729,0.6023806420369743,0.8376464151611688,0.5713955449066173,0.9268410629317824,13,11,21,15,25
3,0.1,1200,0.8,1.0,1,1.0,0.1,0.663945086762123,0.19567261906935726,15,0.3814617687740729,0.6023806420369743,0.8376464151611688,0.5713955449066173,0.9268410629317824,13,11,21,15,25
5,0.02,600,0.8,0.8,1,2.0,0.0,0.6639371805429912,0.07965399660275353,103,0.5869631522376086,0.7114100683290435,0.782263977512766,0.5666145693726466,0.6724341352628909,85,145,163,103,68
5,0.02,900,0.8,0.8,1,2.0,0.0,0.6639371805429912,0.07965399660275353,103,0.5869631522376086,0.7114100683290435,0.782263977512766,0.5666145693726466,0.6724341352628909,85,145,163,103,68
5,0.02,1200,0.8,0.8,1,2.0,0.0,0.6639371805429912,0.07965399660275353,103,0.5869631522376086,0.7114100683290435,0.782263977512766,0.5666145693726466,0.6724341352628909,85,145,163,103,68
3,0.1,600,0.8,1.0,1,2.0,0.1,0.6638692840807391,0.20482789813436944,20,0.3680552613376069,0.5605451138240858,0.8613601408406928,0.6030497394604855,0.9263361649408246,15,11,20,23,29
3,0.1,900,0.8,1.0,1,2.0,0.1,0.6638692840807391,0.20482789813436944,20,0.3680552613376069,0.5605451138240858,0.8613601408406928,0.6030497394604855,0.9263361649408246,15,11,20,23,29
3,0.1,1200,0.8,1.0,1,2.0,0.1,0.6638692840807391,0.20482789813436944,20,0.3680552613376069,0.5605451138240858,0.8613601408406928,0.6030497394604855,0.9263361649408246,15,11,20,23,29
5,0.05,600,0.8,0.8,3,1.0,0.1,0.6638373072312557,0.06854455870279763,37,0.6817237689808101,0.642070541209145,0.763444753894148,0.5519636637973533,0.6799838082748223,36,37,66,43,28
5,0.05,900,0.8,0.8,3,1.0,0.1,0.6638373072312557,0.06854455870279763,37,0.6817237689808101,0.642070541209145,0.763444753894148,0.5519636637973533,0.6799838082748223,36,37,66,43,28
5,0.05,1200,0.8,0.8,3,1.0,0.1,0.6638373072312557,0.06854455870279763,37,0.6817237689808101,0.642070541209145,0.763444753894148,0.5519636637973533,0.6799838082748223,36,37,66,43,28
5,0.05,600,0.8,0.8,1,1.0,0.1,0.6631275570557338,0.07785312118322457,31,0.7315709828390182,0.6446821763565513,0.7006577955097929,0.519259247591765,0.7194675829815416,28,36,73,31,28
5,0.05,900,0.8,0.8,1,1.0,0.1,0.6631275570557338,0.07785312118322457,31,0.7315709828390182,0.6446821763565513,0.7006577955097929,0.519259247591765,0.7194675829815416,28,36,73,31,28
5,0.05,1200,0.8,0.8,1,1.0,0.1,0.6631275570557338,0.07785312118322457,31,0.7315709828390182,0.6446821763565513,0.7006577955097929,0.519259247591765,0.7194675829815416,28,36,73,31,28
7,0.05,600,1.0,0.8,1,2.0,0.0,0.6630643634761351,0.07235261652744363,38,0.609265008183381,0.6889705196721875,0.7804051822105147,0.5691485829588762,0.6675325243557158,30,41,61,38,23
7,0.05,900,1.0,0.8,1,2.0,0.0,0.6630643634761351,0.07235261652744363,38,0.609265008183381,0.6889705196721875,0.7804051822105147,0.5691485829588762,0.6675325243557158,30,41,61,38,23
7,0.05,1200,1.0,0.8,1,2.0,0.0,0.6630643634761351,0.07235261652744363,38,0.609265008183381,0.6889705196721875,0.7804051822105147,0.5691485829588762,0.6675325243557158,30,41,61,38,23
3,0.05,600,0.8,0.8,3,2.0,0.0,0.662997604817807,0.10681147034754326,58,0.5687100849657336,0.6014295841991116,0.7749044477737415,0.5607266157969562,0.8092172913534926,41,37,72,58,65
3,0.05,900,0.8,0.8,3,2.0,0.0,0.662997604817807,0.10681147034754326,58,0.5687100849657336,0.6014295841991116,0.7749044477737415,0.5607266157969562,0.8092172913534926,41,37,72,58,65
3,0.05,1200,0.8,0.8,3,2.0,0.0,0.662997604817807,0.10681147034754326,58,0.5687100849657336,0.6014295841991116,0.7749044477737415,0.5607266157969562,0.8092172913534926,41,37,72,58,65
3,0.1,600,0.8,1.0,1,1.0,0.0,0.6613560173926458,0.19502995499970355,15,0.37596748356075327,0.6059824719966909,0.8250009377518833,0.5721427373816617,0.9276864562722401,13,11,21,15,25
3,0.1,900,0.8,1.0,1,1.0,0.0,0.6613560173926458,0.19502995499970355,15,0.37596748356075327,0.6059824719966909,0.8250009377518833,0.5721427373816617,0.9276864562722401,13,11,21,15,25
3,0.1,1200,0.8,1.0,1,1.0,0.0,0.6613560173926458,0.19502995499970355,15,0.37596748356075327,0.6059824719966909,0.8250009377518833,0.5721427373816617,0.9276864562722401,13,11,21,15,25
7,0.05,600,0.8,0.8,3,1.0,0.0,0.6612805205953488,0.06367849929031684,37,0.6710278085165313,0.6447696134690075,0.7527543574466354,0.5558708188854129,0.6819800046591569,35,37,66,43,28
7,0.05,900,0.8,0.8,3,1.0,0.0,0.6612805205953488,0.06367849929031684,37,0.6710278085165313,0.6447696134690075,0.7527543574466354,0.5558708188854129,0.6819800046591569,35,37,66,43,28
7,0.05,1200,0.8,0.8,3,1.0,0.0,0.6612805205953488,0.06367849929031684,37,0.6710278085165313,0.6447696134690075,0.7527543574466354,0.5558708188854129,0.6819800046591569,35,37,66,43,28
5,0.1,600,0.8,1.0,1,1.0,0.0,0.6612632068059736,0.18718741597529548,17,0.37969105449807294,0.5989586227183337,0.8219434307877199,0.595647771044278,0.9100751549814636,13,10,20,17,21
5,0.1,900,0.8,1.0,1,1.0,0.0,0.6612632068059736,0.18718741597529548,17,0.37969105449807294,0.5989586227183337,0.8219434307877199,0.595647771044278,0.9100751549814636,13,10,20,17,21
5,0.1,1200,0.8,1.0,1,1.0,0.0,0.6612632068059736,0.18718741597529548,17,0.37969105449807294,0.5989586227183337,0.8219434307877199,0.595647771044278,0.9100751549814636,13,10,20,17,21
5,0.05,600,0.8,0.8,3,1.0,0.0,0.6611698512743551,0.06333527567407117,37,0.6710278085165313,0.6448003112145424,0.7518887362933879,0.556152395688157,0.6819800046591569,35,37,66,43,28
5,0.05,900,0.8,0.8,3,1.0,0.0,0.6611698512743551,0.06333527567407117,37,0.6710278085165313,0.6448003112145424,0.7518887362933879,0.556152395688157,0.6819800046591569,35,37,66,43,28
5,0.05,1200,0.8,0.8,3,1.0,0.0,0.6611698512743551,0.06333527567407117,37,0.6710278085165313,0.6448003112145424,0.7518887362933879,0.556152395688157,0.6819800046591569,35,37,66,43,28
7,0.05,600,0.8,0.8,1,2.0,0.1,0.6610100809772242,0.08207990761382,42,0.6414168087994447,0.6239220734398114,0.8132509838068958,0.5674972054921531,0.658963333347816,42,36,66,43,28
7,0.05,900,0.8,0.8,1,2.0,0.1,0.6610100809772242,0.08207990761382,42,0.6414168087994447,0.6239220734398114,0.8132509838068958,0.5674972054921531,0.658963333347816,42,36,66,43,28
7,0.05,1200,0.8,0.8,1,2.0,0.1,0.6610100809772242,0.08207990761382,42,0.6414168087994447,0.6239220734398114,0.8132509838068958,0.5674972054921531,0.658963333347816,42,36,66,43,28
7,0.05,600,1.0,0.8,1,1.0,0.1,0.6602382817748131,0.06707686970724264,31,0.6246420907705436,0.7092148755829766,0.6925876593319942,0.5458893819005683,0.7288574012879827,26,44,63,31,23
7,0.05,900,1.0,0.8,1,1.0,0.1,0.6602382817748131,0.06707686970724264,31,0.6246420907705436,0.7092148755829766,0.6925876593319942,0.5458893819005683,0.7288574012879827,26,44,63,31,23
7,0.05,1200,1.0,0.8,1,1.0,0.1,0.6602382817748131,0.06707686970724264,31,0.6246420907705436,0.7092148755829766,0.6925876593319942,0.5458893819005683,0.7288574012879827,26,44,63,31,23
5,0.02,600,0.8,0.8,1,2.0,0.1,0.6595102382562581,0.06710435597047333,110,0.5889802152759019,0.7085355510232961,0.7522519937095797,0.5791780935188431,0.66860533775367,85,145,189,110,68
5,0.02,900,0.8,0.8,1,2.0,0.1,0.6595102382562581,0.06710435597047333,110,0.5889802152759019,0.7085355510232961,0.7522519937095797,0.5791780935188431,0.66860533775367,85,145,189,110,68
5,0.02,1200,0.8,0.8,1,2.0,0.1,0.6595102382562581,0.06710435597047333,110,0.5889802152759019,0.7085355510232961,0.7522519937095797,0.5791780935188431,0.66860533775367,85,145,189,110,68
3,0.05,600,0.8,0.8,3,1.0,0.0,0.6594538284082243,0.1155613116802025,44,0.5987611058163547,0.5373434208037953,0.7592915495715363,0.5690875180436379,0.8327855478057976,35,22,66,44,65
3,0.05,900,0.8,0.8,3,1.0,0.0,0.6594538284082243,0.1155613116802025,44,0.5987611058163547,0.5373434208037953,0.7592915495715363,0.5690875180436379,0.8327855478057976,35,22,66,44,65
3,0.05,1200,0.8,0.8,3,1.0,0.0,0.6594538284082243,0.1155613116802025,44,0.5987611058163547,0.5373434208037953,0.7592915495715363,0.5690875180436379,0.8327855478057976,35,22,66,44,65
7,0.02,600,1.0,0.8,1,1.0,0.1,0.6593906788645667,0.052767632031481285,76,0.6571131786429143,0.6860657727676791,0.6835113875218383,0.5594792114979941,0.7107838438924075,64,94,161,76,57
7,0.02,900,1.0,0.8,1,1.0,0.1,0.6593906788645667,0.052767632031481285,76,0.6571131786429143,0.6860657727676791,0.6835113875218383,0.5594792114979941,0.7107838438924075,64,94,161,76,57
7,0.02,1200,1.0,0.8,1,1.0,0.1,0.6593906788645667,0.052767632031481285,76,0.6571131786429143,0.6860657727676791,0.6835113875218383,0.5594792114979941,0.7107838438924075,64,94,161,76,57
7,0.05,600,0.8,0.8,1,2.0,0.0,0.6585198835680265,0.07920871579123993,42,0.6335588465253086,0.6277585616843784,0.8038492698544177,0.5654180738638243,0.6620146659122033,42,36,66,42,28
7,0.05,900,0.8,0.8,1,2.0,0.0,0.6585198835680265,0.07920871579123993,42,0.6335588465253086,0.6277585616843784,0.8038492698544177,0.5654180738638243,0.6620146659122033,42,36,66,42,28
7,0.05,1200,0.8,0.8,1,2.0,0.0,0.6585198835680265,0.07920871579123993,42,0.6335588465253086,0.6277585616843784,0.8038492698544177,0.5654180738638243,0.6620146659122033,42,36,66,42,28
3,0.05,600,0.8,0.8,3,1.0,0.1,0.6580558594120361,0.11723528856332027,45,0.587794417835138,0.5355129482421792,0.7635834449539628,0.5716510947616377,0.8317373912672629,35,22,66,45,65
3,0.05,900,0.8,0.8,3,1.0,0.1,0.6580558594120361,0.11723528856332027,45,0.587794417835138,0.5355129482421792,0.7635834449539628,0.5716510947616377,0.8317373912672629,35,22,66,45,65
3,0.05,1200,0.8,0.8,3,1.0,0.1,0.6580558594120361,0.11723528856332027,45,0.587794417835138,0.5355129482421792,0.7635834449539628,0.5716510947616377,0.8317373912672629,35,22,66,45,65
3,0.05,600,0.8,0.8,3,2.0,0.1,0.6566307493080785,0.10223859871800654,57,0.5643619341331869,0.5982636711712895,0.7805833749058579,0.5590148383684395,0.7809299279616186,41,37,72,58,57
3,0.05,900,0.8,0.8,3,2.0,0.1,0.6566307493080785,0.10223859871800654,57,0.5643619341331869,0.5982636711712895,0.7805833749058579,0.5590148383684395,0.7809299279616186,41,37,72,58,57
3,0.05,1200,0.8,0.8,3,2.0,0.1,0.6566307493080785,0.10223859871800654,57,0.5643619341331869,0.5982636711712895,0.7805833749058579,0.5590148383684395,0.7809299279616186,41,37,72,58,57
7,0.1,600,1.0,0.8,1,1.0,0.1,0.6551669869799699,0.069128021664435,15,0.5988108884774915,0.6540876986991744,0.7001778899824148,0.5649088269149831,0.7578496308257854,14,15,30,15,14
7,0.1,900,1.0,0.8,1,1.0,0.1,0.6551669869799699,0.069128021664435,15,0.5988108884774915,0.6540876986991744,0.7001778899824148,0.5649088269149831,0.7578496308257854,14,15,30,15,14
7,0.1,1200,1.0,0.8,1,1.0,0.1,0.6551669869799699,0.069128021664435,15,0.5988108884774915,0.6540876986991744,0.7001778899824148,0.5649088269149831,0.7578496308257854,14,15,30,15,14
5,0.05,600,0.8,0.8,1,2.0,0.0,0.6550637294991454,0.08018153258445905,42,0.6255984676074939,0.6217074262596786,0.8024892182628717,0.5635105771917639,0.6620129581739189,42,36,66,42,28
5,0.05,900,0.8,0.8,1,2.0,0.0,0.6550637294991454,0.08018153258445905,42,0.6255984676074939,0.6217074262596786,0.8024892182628717,0.5635105771917639,0.6620129581739189,42,36,66,42,28
5,0.05,1200,0.8,0.8,1,2.0,0.0,0.6550637294991454,0.08018153258445905,42,0.6255984676074939,0.6217074262596786,0.8024892182628717,0.5635105771917639,0.6620129581739189,42,36,66,42,28
3,0.05,600,1.0,0.8,3,2.0,0.0,0.6549078075812818,0.12663792597296505,44,0.5455706436899255,0.576230891760568,0.6441751617896341,0.6090643860967933,0.8994979545694882,36,28,103,44,92
3,0.05,900,1.0,0.8,3,2.0,0.0,0.6549078075812818,0.12663792597296505,44,0.5455706436899255,0.576230891760568,0.6441751617896341,0.6090643860967933,0.8994979545694882,36,28,103,44,92
3,0.05,1200,1.0,0.8,3,2.0,0.0,0.6549078075812818,0.12663792597296505,44,0.5455706436899255,0.576230891760568,0.6441751617896341,0.6090643860967933,0.8994979545694882,36,28,103,44,92
5,0.05,600,0.8,0.8,1,2.0,0.1,0.6533562800462107,0.08450419050764149,42,0.6142674360992233,0.6176763992525193,0.8113889120413478,0.5644853194901471,0.658963333347816,42,36,66,43,28
5,0.05,900,0.8,0.8,1,2.0,0.1,0.6533562800462107,0.08450419050764149,42,0.6142674360992233,0.6176763992525193,0.8113889120413478,0.5644853194901471,0.658963333347816,42,36,66,43,28
5,0.05,1200,0.8,0.8,1,2.0,0.1,0.6533562800462107,0.08450419050764149,42,0.6142674360992233,0.6176763992525193,0.8113889120413478,0.5644853194901471,0.658963333347816,42,36,66,43,28
7,0.02,600,0.8,0.8,1,2.0,0.1,0.6530824957768289,0.06443107121018724,102,0.5938956987498754,0.6557706278251448,0.763452819335606,0.5836388697390718,0.6686544632344462,85,102,189,110,68
7,0.02,900,0.8,0.8,1,2.0,0.1,0.6530824957768289,0.06443107121018724,102,0.5938956987498754,0.6557706278251448,0.763452819335606,0.5836388697390718,0.6686544632344462,85,102,189,110,68
7,0.02,1200,0.8,0.8,1,2.0,0.1,0.6530824957768289,0.06443107121018724,102,0.5938956987498754,0.6557706278251448,0.763452819335606,0.5836388697390718,0.6686544632344462,85,102,189,110,68
7,0.02,600,0.8,0.8,3,1.0,0.1,0.6530455718563044,0.07435393846193196,87,0.6878934437941931,0.57735405965004,0.7596951627564004,0.5603111047618531,0.679974088319035,87,75,161,117,85
7,0.02,900,0.8,0.8,3,1.0,0.1,0.6530455718563044,0.07435393846193196,87,0.6878934437941931,0.57735405965004,0.7596951627564004,0.5603111047618531,0.679974088319035,87,75,161,117,85
7,0.02,1200,0.8,0.8,3,1.0,0.1,0.6530455718563044,0.07435393846193196,87,0.6878934437941931,0.57735405965004,0.7596951627564004,0.5603111047618531,0.679974088319035,87,75,161,117,85
5,0.02,600,0.8,0.8,3,1.0,0.1,0.6521212624771524,0.07298701480767046,87,0.6878934437941931,0.57735405965004,0.7550145981500207,0.5604343356198725,0.6799098751716357,87,75,161,117,85
5,0.02,900,0.8,0.8,3,1.0,0.1,0.6521212624771524,0.07298701480767046,87,0.6878934437941931,0.57735405965004,0.7550145981500207,0.5604343356198725,0.6799098751716357,87,75,161,117,85
5,0.02,1200,0.8,0.8,3,1.0,0.1,0.6521212624771524,0.07298701480767046,87,0.6878934437941931,0.57735405965004,0.7550145981500207,0.5604343356198725,0.6799098751716357,87,75,161,117,85
3,0.05,600,0.8,0.8,1,1.0,0.0,0.6518797325967672,0.16138535950233748,35,0.6223935328125909,0.43097718019741793,0.8163866044726507,0.537009966369086,0.8526313791320907,35,15,46,31,46
3,0.05,900,0.8,0.8,1,1.0,0.0,0.6518797325967672,0.16138535950233748,35,0.6223935328125909,0.43097718019741793,0.8163866044726507,0.537009966369086,0.8526313791320907,35,15,46,31,46
3,0.05,1200,0.8,0.8,1,1.0,0.0,0.6518797325967672,0.16138535950233748,35,0.6223935328125909,0.43097718019741793,0.8163866044726507,0.537009966369086,0.8526313791320907,35,15,46,31,46
3,0.02,600,1.0,0.8,3,2.0,0.1,0.6516855548779203,0.12475558005297226,107,0.5606977029406863,0.5694688160071257,0.6257078962350936,0.6058982605990941,0.8966550986076018,94,71,274,107,213
3,0.02,900,1.0,0.8,3,2.0,0.1,0.6516855548779203,0.12475558005297226,107,0.5606977029406863,0.5694688160071257,0.6257078962350936,0.6058982605990941,0.8966550986076018,94,71,274,107,213
3,0.02,1200,1.0,0.8,3,2.0,0.1,0.6516855548779203,0.12475558005297226,107,0.5606977029406863,0.5694688160071257,0.6257078962350936,0.6058982605990941,0.8966550986076018,94,71,274,107,213
7,0.1,600,0.8,0.8,1,1.0,0.0,0.6514009841727656,0.07476541940665067,14,0.6623648699773477,0.6331271646668349,0.7785925098355646,0.5460084655736712,0.6369119108104098,11,14,32,16,11
7,0.1,900,0.8,0.8,1,1.0,0.0,0.6514009841727656,0.07476541940665067,14,0.6623648699773477,0.6331271646668349,0.7785925098355646,0.5460084655736712,0.6369119108104098,11,14,32,16,11
7,0.1,1200,0.8,0.8,1,1.0,0.0,0.6514009841727656,0.07476541940665067,14,0.6623648699773477,0.6331271646668349,0.7785925098355646,0.5460084655736712,0.6369119108104098,11,14,32,16,11
7,0.05,600,1.0,1.0,1,2.0,0.0,0.6513206532595357,0.15795193985198763,34,0.40084352203014184,0.7326645167147278,0.7191212575424356,0.5508953193878228,0.8530786506225505,33,64,63,34,32
7,0.05,900,1.0,1.0,1,2.0,0.0,0.6513206532595357,0.15795193985198763,34,0.40084352203014184,0.7326645167147278,0.7191212575424356,0.5508953193878228,0.8530786506225505,33,64,63,34,32
7,0.05,1200,1.0,1.0,1,2.0,0.0,0.6513206532595357,0.15795193985198763,34,0.40084352203014184,0.7326645167147278,0.7191212575424356,0.5508953193878228,0.8530786506225505,33,64,63,34,32
7,0.1,600,1.0,1.0,1,2.0,0.0,0.6509853639378804,0.15742103967270535,17,0.4017692104594759,0.7324470834059602,0.7094647810076818,0.5543419104856152,0.8569038343306687,16,31,32,17,16
7,0.1,900,1.0,1.0,1,2.0,0.0,0.6509853639378804,0.15742103967270535,17,0.4017692104594759,0.7324470834059602,0.7094647810076818,0.5543419104856152,0.8569038343306687,16,31,32,17,16
7,0.1,1200,1.0,1.0,1,2.0,0.0,0.6509853639378804,0.15742103967270535,17,0.4017692104594759,0.7324470834059602,0.7094647810076818,0.5543419104856152,0.8569038343306687,16,31,32,17,16
5,0.1,600,1.0,0.8,1,1.0,0.0,0.6509119128018442,0.05719656453328251,15,0.6371441391904012,0.7273334192414299,0.6180185492997798,0.5696893450732001,0.7023741112044101,14,31,34,15,11
5,0.1,900,1.0,0.8,1,1.0,0.0,0.6509119128018442,0.05719656453328251,15,0.6371441391904012,0.7273334192414299,0.6180185492997798,0.5696893450732001,0.7023741112044101,14,31,34,15,11
5,0.1,1200,1.0,0.8,1,1.0,0.0,0.6509119128018442,0.05719656453328251,15,0.6371441391904012,0.7273334192414299,0.6180185492997798,0.5696893450732001,0.7023741112044101,14,31,34,15,11
7,0.02,600,1.0,1.0,1,2.0,0.0,0.650707913698278,0.1569503478428561,86,0.40350422710872136,0.7321734298549142,0.7195236781454667,0.5475310943709648,0.850807139011323,83,161,159,86,80
7,0.02,900,1.0,1.0,1,2.0,0.0,0.650707913698278,0.1569503478428561,86,0.40350422710872136,0.7321734298549142,0.7195236781454667,0.5475310943709648,0.850807139011323,83,161,159,86,80
7,0.02,1200,1.0,1.0,1,2.0,0.0,0.650707913698278,0.1569503478428561,86,0.40350422710872136,0.7321734298549142,0.7195236781454667,0.5475310943709648,0.850807139011323,83,161,159,86,80
7,0.1,600,1.0,1.0,1,2.0,0.1,0.650184288837224,0.16117229272348485,17,0.385884592407856,0.7259853654786641,0.7216058810982162,0.5632445431807718,0.8542010620206117,15,27,32,17,16
7,0.1,900,1.0,1.0,1,2.0,0.1,0.650184288837224,0.16117229272348485,17,0.385884592407856,0.7259853654786641,0.7216058810982162,0.5632445431807718,0.8542010620206117,15,27,32,17,16
7,0.1,1200,1.0,1.0,1,2.0,0.1,0.650184288837224,0.16117229272348485,17,0.385884592407856,0.7259853654786641,0.7216058810982162,0.5632445431807718,0.8542010620206117,15,27,32,17,16
7,0.1,600,0.8,1.0,1,1.0,0.1,0.6501608614517623,0.16368745024425976,14,0.3909818537380443,0.6062195451066944,0.8339723155091286,0.6003635818872379,0.8192670110177066,14,11,20,17,13
7,0.1,900,0.8,1.0,1,1.0,0.1,0.6501608614517623,0.16368745024425976,14,0.3909818537380443,0.6062195451066944,0.8339723155091286,0.6003635818872379,0.8192670110177066,14,11,20,17,13
7,0.1,1200,0.8,1.0,1,1.0,0.1,0.6501608614517623,0.16368745024425976,14,0.3909818537380443,0.6062195451066944,0.8339723155091286,0.6003635818872379,0.8192670110177066,14,11,20,17,13
5,0.02,600,1.0,0.8,1,2.0,0.0,0.650037641007283,0.057841840297711576,95,0.5967245152577123,0.6790684908042286,0.6763760814640813,0.5704363907012193,0.7275827268091737,78,103,194,95,76
5,0.02,900,1.0,0.8,1,2.0,0.0,0.650037641007283,0.057841840297711576,95,0.5967245152577123,0.6790684908042286,0.6763760814640813,0.5704363907012193,0.7275827268091737,78,103,194,95,76
5,0.02,1200,1.0,0.8,1,2.0,0.0,0.650037641007283,0.057841840297711576,95,0.5967245152577123,0.6790684908042286,0.6763760814640813,0.5704363907012193,0.7275827268091737,78,103,194,95,76
7,0.05,600,1.0,1.0,1,2.0,0.1,0.6495750437957591,0.16327503844813596,35,0.3799460278561848,0.7274860791497384,0.7162617415123995,0.5667286737993777,0.8574526966610954,32,56,66,35,33
7,0.05,900,1.0,1.0,1,2.0,0.1,0.6495750437957591,0.16327503844813596,35,0.3799460278561848,0.7274860791497384,0.7162617415123995,0.5667286737993777,0.8574526966610954,32,56,66,35,33
7,0.05,1200,1.0,1.0,1,2.0,0.1,0.6495750437957591,0.16327503844813596,35,0.3799460278561848,0.7274860791497384,0.7162617415123995,0.5667286737993777,0.8574526966610954,32,56,66,35,33
5,0.1,600,0.8,0.8,1,2.0,0.1,0.6493015952544041,0.15035012982993845,20,0.6786879511526935,0.4162528539043291,0.8603831315798496,0.5641438858174385,0.7270401538177105,20,8,31,22,18
5,0.1,900,0.8,0.8,1,2.0,0.1,0.6493015952544041,0.15035012982993845,20,0.6786879511526935,0.4162528539043291,0.8603831315798496,0.5641438858174385,0.7270401538177105,20,8,31,22,18
5,0.1,1200,0.8,0.8,1,2.0,0.1,0.6493015952544041,0.15035012982993845,20,0.6786879511526935,0.4162528539043291,0.8603831315798496,0.5641438858174385,0.7270401538177105,20,8,31,22,18
5,0.05,600,0.8,0.8,3,2.0,0.0,0.6489816084671285,0.08016778484823078,47,0.6626413424349984,0.6018707744405059,0.7951558221643502,0.5609325249344734,0.6243075783613141,47,37,66,59,28
5,0.05,900,0.8,0.8,3,2.0,0.0,0.6489816084671285,0.08016778484823078,47,0.6626413424349984,0.6018707744405059,0.7951558221643502,0.5609325249344734,0.6243075783613141,47,37,66,59,28
5,0.05,1200,0.8,0.8,3,2.0,0.0,0.6489816084671285,0.08016778484823078,47,0.6626413424349984,0.6018707744405059,0.7951558221643502,0.5609325249344734,0.6243075783613141,47,37,66,59,28
3,0.02,600,1.0,0.8,3,2.0,0.0,0.6488711099227471,0.12597072881097623,106,0.5595940190692126,0.5723277472598542,0.6117983283542275,0.6027429774027786,0.8978924775276622,94,71,280,106,212
3,0.02,900,1.0,0.8,3,2.0,0.0,0.6488711099227471,0.12597072881097623,106,0.5595940190692126,0.5723277472598542,0.6117983283542275,0.6027429774027786,0.8978924775276622,94,71,280,106,212
3,0.02,1200,1.0,0.8,3,2.0,0.0,0.6488711099227471,0.12597072881097623,106,0.5595940190692126,0.5723277472598542,0.6117983283542275,0.6027429774027786,0.8978924775276622,94,71,280,106,212
7,0.1,600,1.0,0.8,1,1.0,0.0,0.6481208246889933,0.06037161493403501,15,0.5885111058460086,0.6586910095901446,0.7211531567285001,0.5692773488307472,0.702971502449566,14,15,28,15,11
7,0.1,900,1.0,0.8,1,1.0,0.0,0.6481208246889933,0.06037161493403501,15,0.5885111058460086,0.6586910095901446,0.7211531567285001,0.5692773488307472,0.702971502449566,14,15,28,15,11
7,0.1,1200,1.0,0.8,1,1.0,0.0,0.6481208246889933,0.06037161493403501,15,0.5885111058460086,0.6586910095901446,0.7211531567285001,0.5692773488307472,0.702971502449566,14,15,28,15,11
5,0.1,600,0.8,1.0,1,2.0,0.1,0.6479892671457972,0.18835656525954178,20,0.3740819150930679,0.5628522447782556,0.8380685857032865,0.5829514187048098,0.8819921714495658,15,11,20,20,22
5,0.1,900,0.8,1.0,1,2.0,0.1,0.6479892671457972,0.18835656525954178,20,0.3740819150930679,0.5628522447782556,0.8380685857032865,0.5829514187048098,0.8819921714495658,15,11,20,20,22
5,0.1,1200,0.8,1.0,1,2.0,0.1,0.6479892671457972,0.18835656525954178,20,0.3740819150930679,0.5628522447782556,0.8380685857032865,0.5829514187048098,0.8819921714495658,15,11,20,20,22
7,0.02,600,1.0,1.0,1,2.0,0.1,0.6474118092396942,0.16253882991103713,87,0.3815709459817096,0.7253104030109743,0.7121272877106517,0.5614205190339909,0.8566298904611448,83,140,169,87,83
7,0.02,900,1.0,1.0,1,2.0,0.1,0.6474118092396942,0.16253882991103713,87,0.3815709459817096,0.7253104030109743,0.7121272877106517,0.5614205190339909,0.8566298904611448,83,140,169,87,83
7,0.02,1200,1.0,1.0,1,2.0,0.1,0.6474118092396942,0.16253882991103713,87,0.3815709459817096,0.7253104030109743,0.7121272877106517,0.5614205190339909,0.8566298904611448,83,140,169,87,83
5,0.02,600,1.0,0.8,1,1.0,0.0,0.6473399430174623,0.06439672536670332,74,0.6746627481465153,0.7262427924733632,0.6060497676150829,0.544340972597918,0.6854034342544322,64,151,176,74,52
5,0.02,900,1.0,0.8,1,1.0,0.0,0.6473399430174623,0.06439672536670332,74,0.6746627481465153,0.7262427924733632,0.6060497676150829,0.544340972597918,0.6854034342544322,64,151,176,74,52
5,0.02,1200,1.0,0.8,1,1.0,0.0,0.6473399430174623,0.06439672536670332,74,0.6746627481465153,0.7262427924733632,0.6060497676150829,0.544340972597918,0.6854034342544322,64,151,176,74,52
7,0.05,600,0.8,1.0,1,2.0,0.1,0.6472050008598345,0.18154663937150564,40,0.3607463439666816,0.6194607063733167,0.8061206729908941,0.5754224999451273,0.8742747810231524,35,26,49,40,42
7,0.05,900,0.8,1.0,1,2.0,0.1,0.6472050008598345,0.18154663937150564,40,0.3607463439666816,0.6194607063733167,0.8061206729908941,0.5754224999451273,0.8742747810231524,35,26,49,40,42
7,0.05,1200,0.8,1.0,1,2.0,0.1,0.6472050008598345,0.18154663937150564,40,0.3607463439666816,0.6194607063733167,0.8061206729908941,0.5754224999451273,0.8742747810231524,35,26,49,40,42
5,0.05,600,1.0,0.8,1,1.0,0.0,0.6465750411857307,0.06287686869101229,31,0.6188816595128932,0.6967951297528623,0.634209430277794,0.5512891991993014,0.7316997871858026,23,44,66,31,23
5,0.05,900,1.0,0.8,1,1.0,0.0,0.6465750411857307,0.06287686869101229,31,0.6188816595128932,0.6967951297528623,0.634209430277794,0.5512891991993014,0.7316997871858026,23,44,66,31,23
5,0.05,1200,1.0,0.8,1,1.0,0.0,0.6465750411857307,0.06287686869101229,31,0.6188816595128932,0.6967951297528623,0.634209430277794,0.5512891991993014,0.7316997871858026,23,44,66,31,23
5,0.1,600,0.8,1.0,1,2.0,0.0,0.646465794417069,0.1882708590634729,20,0.36570311858840265,0.5659875201989968,0.838785837941812,0.5883236291336778,0.8735288662224555,17,11,20,20,21
5,0.1,900,0.8,1.0,1,2.0,0.0,0.646465794417069,0.1882708590634729,20,0.36570311858840265,0.5659875201989968,0.838785837941812,0.5883236291336778,0.8735288662224555,17,11,20,20,21
5,0.1,1200,0.8,1.0,1,2.0,0.0,0.646465794417069,0.1882708590634729,20,0.36570311858840265,0.5659875201989968,0.838785837941812,0.5883236291336778,0.8735288662224555,17,11,20,20,21
7,0.05,600,0.8,0.8,3,2.0,0.1,0.645499936759726,0.07667261304349578,47,0.6611815574136789,0.5982227663727413,0.784645531668132,0.5619978120812954,0.6214520162627819,47,37,74,59,28
7,0.05,900,0.8,0.8,3,2.0,0.1,0.645499936759726,0.07667261304349578,47,0.6611815574136789,0.5982227663727413,0.784645531668132,0.5619978120812954,0.6214520162627819,47,37,74,59,28
7,0.05,1200,0.8,0.8,3,2.0,0.1,0.645499936759726,0.07667261304349578,47,0.6611815574136789,0.5982227663727413,0.784645531668132,0.5619978120812954,0.6214520162627819,47,37,74,59,28
5,0.1,600,1.0,0.8,1,2.0,0.1,0.6453386078594697,0.11998136031864687,18,0.5245532707752906,0.5838542402925342,0.7363894988906938,0.5474950462908728,0.8344009830479571,17,15,34,18,23
5,0.1,900,1.0,0.8,1,2.0,0.1,0.6453386078594697,0.11998136031864687,18,0.5245532707752906,0.5838542402925342,0.7363894988906938,0.5474950462908728,0.8344009830479571,17,15,34,18,23
5,0.1,1200,1.0,0.8,1,2.0,0.1,0.6453386078594697,0.11998136031864687,18,0.5245532707752906,0.5838542402925342,0.7363894988906938,0.5474950462908728,0.8344009830479571,17,15,34,18,23
5,0.05,600,0.8,0.8,1,1.0,0.0,0.6447871703827847,0.07734747541848785,31,0.7322414038739967,0.6501180565292421,0.7173322875048351,0.5214608859248262,0.6027832180810229,28,36,66,31,19
5,0.05,900,0.8,0.8,1,1.0,0.0,0.6447871703827847,0.07734747541848785,31,0.7322414038739967,0.6501180565292421,0.7173322875048351,0.5214608859248262,0.6027832180810229,28,36,66,31,19
5,0.05,1200,0.8,0.8,1,1.0,0.0,0.6447871703827847,0.07734747541848785,31,0.7322414038739967,0.6501180565292421,0.7173322875048351,0.5214608859248262,0.6027832180810229,28,36,66,31,19
5,0.1,600,1.0,0.8,1,2.0,0.0,0.6447343947611042,0.11593727724539267,18,0.5255937790305429,0.5873914841434351,0.7181093863689771,0.5566015274355551,0.8359757968270107,17,15,34,18,23
5,0.1,900,1.0,0.8,1,2.0,0.0,0.6447343947611042,0.11593727724539267,18,0.5255937790305429,0.5873914841434351,0.7181093863689771,0.5566015274355551,0.8359757968270107,17,15,34,18,23
5,0.1,1200,1.0,0.8,1,2.0,0.0,0.6447343947611042,0.11593727724539267,18,0.5255937790305429,0.5873914841434351,0.7181093863689771,0.5566015274355551,0.8359757968270107,17,15,34,18,23
7,0.05,600,0.8,0.8,3,2.0,0.0,0.6446778443831274,0.0730393138064342,47,0.6626413424349984,0.6018707744405059,0.7747126019103555,0.5598569247684632,0.6243075783613141,47,37,74,59,28
7,0.05,900,0.8,0.8,3,2.0,0.0,0.6446778443831274,0.0730393138064342,47,0.6626413424349984,0.6018707744405059,0.7747126019103555,0.5598569247684632,0.6243075783613141,47,37,74,59,28
7,0.05,1200,0.8,0.8,3,2.0,0.0,0.6446778443831274,0.0730393138064342,47,0.6626413424349984,0.6018707744405059,0.7747126019103555,0.5598569247684632,0.6243075783613141,47,37,74,59,28
5,0.05,600,0.8,0.8,3,2.0,0.1,0.6443284243001111,0.07449851669841175,47,0.6611815574136789,0.5982227663727413,0.7786941887277532,0.5620915927236003,0.6214520162627819,47,37,74,59,28
5,0.05,900,0.8,0.8,3,2.0,0.1,0.6443284243001111,0.07449851669841175,47,0.6611815574136789,0.5982227663727413,0.7786941887277532,0.5620915927236003,0.6214520162627819,47,37,74,59,28
5,0.05,1200,0.8,0.8,3,2.0,0.1,0.6443284243001111,0.07449851669841175,47,0.6611815574136789,0.5982227663727413,0.7786941887277532,0.5620915927236003,0.6214520162627819,47,37,74,59,28
7,0.05,600,0.8,1.0,1,2.0,0.0,0.6440598807012965,0.1753545488788152,36,0.3511848120065143,0.6567510982612443,0.8039124261415351,0.5719066604663126,0.8365444066308759,36,29,49,39,34
7,0.05,900,0.8,1.0,1,2.0,0.0,0.6440598807012965,0.1753545488788152,36,0.3511848120065143,0.6567510982612443,0.8039124261415351,0.5719066604663126,0.8365444066308759,36,29,49,39,34
7,0.05,1200,0.8,1.0,1,2.0,0.0,0.6440598807012965,0.1753545488788152,36,0.3511848120065143,0.6567510982612443,0.8039124261415351,0.5719066604663126,0.8365444066308759,36,29,49,39,34
5,0.1,600,0.8,0.8,1,2.0,0.0,0.643683884133328,0.14614570392319734,20,0.675294488528241,0.41949941038115024,0.8428910074517639,0.5514025245773603,0.7293319897281243,20,8,31,21,18
5,0.1,900,0.8,0.8,1,2.0,0.0,0.643683884133328,0.14614570392319734,20,0.675294488528241,0.41949941038115024,0.8428910074517639,0.5514025245773603,0.7293319897281243,20,8,31,21,18
5,0.1,1200,0.8,0.8,1,2.0,0.0,0.643683884133328,0.14614570392319734,20,0.675294488528241,0.41949941038115024,0.8428910074517639,0.5514025245773603,0.7293319897281243,20,8,31,21,18
3,0.1,600,1.0,0.8,3,1.0,0.0,0.6432095363180749,0.13018102725940142,17,0.5444429500312593,0.5686116572637319,0.6102719612356075,0.592980852247315,0.8997402608124604,15,12,51,17,39
3,0.1,900,1.0,0.8,3,1.0,0.0,0.6432095363180749,0.13018102725940142,17,0.5444429500312593,0.5686116572637319,0.6102719612356075,0.592980852247315,0.8997402608124604,15,12,51,17,39
3,0.1,1200,1.0,0.8,3,1.0,0.0,0.6432095363180749,0.13018102725940142,17,0.5444429500312593,0.5686116572637319,0.6102719612356075,0.592980852247315,0.8997402608124604,15,12,51,17,39
7,0.05,600,1.0,1.0,1,1.0,0.1,0.6426936831162655,0.15421234854700666,26,0.4085048102504998,0.7361216697261215,0.6995479244045533,0.5287921723762079,0.8405018388239456,26,56,54,26,25
7,0.05,900,1.0,1.0,1,1.0,0.1,0.6426936831162655,0.15421234854700666,26,0.4085048102504998,0.7361216697261215,0.6995479244045533,0.5287921723762079,0.8405018388239456,26,56,54,26,25
7,0.05,1200,1.0,1.0,1,1.0,0.1,0.6426936831162655,0.15421234854700666,26,0.4085048102504998,0.7361216697261215,0.6995479244045533,0.5287921723762079,0.8405018388239456,26,56,54,26,25
7,0.1,600,0.8,1.0,1,2.0,0.0,0.6426023005250356,0.18677236882226492,20,0.3651041953670444,0.5662637706825351,0.8270957191243309,0.580286774432178,0.8742610430190897,17,11,20,20,21
7,0.1,900,0.8,1.0,1,2.0,0.0,0.6426023005250356,0.18677236882226492,20,0.3651041953670444,0.5662637706825351,0.8270957191243309,0.580286774432178,0.8742610430190897,17,11,20,20,21
7,0.1,1200,0.8,1.0,1,2.0,0.0,0.6426023005250356,0.18677236882226492,20,0.3651041953670444,0.5662637706825351,0.8270957191243309,0.580286774432178,0.8742610430190897,17,11,20,20,21
7,0.1,600,1.0,1.0,1,1.0,0.1,0.6421639433353458,0.15402394596380536,14,0.4029661934714769,0.7319745367778523,0.7069449519520381,0.5335370761784193,0.8353969582969419,14,27,26,13,12
7,0.1,900,1.0,1.0,1,1.0,0.1,0.6421639433353458,0.15402394596380536,14,0.4029661934714769,0.7319745367778523,0.7069449519520381,0.5335370761784193,0.8353969582969419,14,27,26,13,12
7,0.1,1200,1.0,1.0,1,1.0,0.1,0.6421639433353458,0.15402394596380536,14,0.4029661934714769,0.7319745367778523,0.7069449519520381,0.5335370761784193,0.8353969582969419,14,27,26,13,12
7,0.02,600,1.0,1.0,1,1.0,0.1,0.6417299391318909,0.15535029321415172,67,0.4090431220926679,0.7313906010518408,0.6952512468072595,0.5258332270709412,0.8471314986367448,66,136,138,67,65
7,0.02,900,1.0,1.0,1,1.0,0.1,0.6417299391318909,0.15535029321415172,67,0.4090431220926679,0.7313906010518408,0.6952512468072595,0.5258332270709412,0.8471314986367448,66,136,138,67,65
7,0.02,1200,1.0,1.0,1,1.0,0.1,0.6417299391318909,0.15535029321415172,67,0.4090431220926679,0.7313906010518408,0.6952512468072595,0.5258332270709412,0.8471314986367448,66,136,138,67,65
3,0.05,600,0.8,1.0,1,2.0,0.1,0.6410640403556245,0.1927255719658562,40,0.33580284349779743,0.6485024836628308,0.7252699603137951,0.570997799627248,0.9247471146764517,36,29,79,40,62
3,0.05,900,0.8,1.0,1,2.0,0.1,0.6410640403556245,0.1927255719658562,40,0.33580284349779743,0.6485024836628308,0.7252699603137951,0.570997799627248,0.9247471146764517,36,29,79,40,62
3,0.05,1200,0.8,1.0,1,2.0,0.1,0.6410640403556245,0.1927255719658562,40,0.33580284349779743,0.6485024836628308,0.7252699603137951,0.570997799627248,0.9247471146764517,36,29,79,40,62
3,0.1,600,1.0,0.8,3,1.0,0.1,0.6408201784884567,0.159906984310132,17,0.5495036844581668,0.4351982254528054,0.7296667673323423,0.5904522134298277,0.8992800017691414,15,7,34,17,39
3,0.1,900,1.0,0.8,3,1.0,0.1,0.6408201784884567,0.159906984310132,17,0.5495036844581668,0.4351982254528054,0.7296667673323423,0.5904522134298277,0.8992800017691414,15,7,34,17,39
3,0.1,1200,1.0,0.8,3,1.0,0.1,0.6408201784884567,0.159906984310132,17,0.5495036844581668,0.4351982254528054,0.7296667673323423,0.5904522134298277,0.8992800017691414,15,7,34,17,39
7,0.02,600,0.8,0.8,3,2.0,0.0,0.6403346713840026,0.09663386538602499,109,0.6945810102815623,0.5315044063429172,0.7955981570610533,0.5530564902847503,0.6269332929497298,109,75,169,145,85
7,0.02,900,0.8,0.8,3,2.0,0.0,0.6403346713840026,0.09663386538602499,109,0.6945810102815623,0.5315044063429172,0.7955981570610533,0.5530564902847503,0.6269332929497298,109,75,169,145,85
7,0.02,1200,0.8,0.8,3,2.0,0.0,0.6403346713840026,0.09663386538602499,109,0.6945810102815623,0.5315044063429172,0.7955981570610533,0.5530564902847503,0.6269332929497298,109,75,169,145,85
7,0.1,600,0.8,1.0,1,1.0,0.0,0.6390926876909276,0.1633895033232359,13,0.37270914333719996,0.5996845732830128,0.8250481619534427,0.6010116400677978,0.7970099198131849,13,10,20,17,12
7,0.1,900,0.8,1.0,1,1.0,0.0,0.6390926876909276,0.1633895033232359,13,0.37270914333719996,0.5996845732830128,0.8250481619534427,0.6010116400677978,0.7970099198131849,13,10,20,17,12
7,0.1,1200,0.8,1.0,1,1.0,0.0,0.6390926876909276,0.1633895033232359,13,0.37270914333719996,0.5996845732830128,0.8250481619534427,0.6010116400677978,0.7970099198131849,13,10,20,17,12
5,0.02,600,0.8,0.8,3,2.0,0.0,0.6387108750261852,0.09397627715559438,109,0.6945810102815623,0.5315044063429172,0.7873417619735945,0.5531939035831226,0.6269332929497298,109,75,169,145,85
5,0.02,900,0.8,0.8,3,2.0,0.0,0.6387108750261852,0.09397627715559438,109,0.6945810102815623,0.5315044063429172,0.7873417619735945,0.5531939035831226,0.6269332929497298,109,75,169,145,85
5,0.02,1200,0.8,0.8,3,2.0,0.0,0.6387108750261852,0.09397627715559438,109,0.6945810102815623,0.5315044063429172,0.7873417619735945,0.5531939035831226,0.6269332929497298,109,75,169,145,85
7,0.05,600,1.0,0.8,1,1.0,0.0,0.6382658052323513,0.06921579377625424,31,0.6119685915335948,0.7068836774123568,0.5879025078526732,0.5528853043243274,0.7316889450388049,23,44,79,31,23
7,0.05,900,1.0,0.8,1,1.0,0.0,0.6382658052323513,0.06921579377625424,31,0.6119685915335948,0.7068836774123568,0.5879025078526732,0.5528853043243274,0.7316889450388049,23,44,79,31,23
7,0.05,1200,1.0,0.8,1,1.0,0.0,0.6382658052323513,0.06921579377625424,31,0.6119685915335948,0.7068836774123568,0.5879025078526732,0.5528853043243274,0.7316889450388049,23,44,79,31,23
7,0.02,600,0.8,0.8,3,2.0,0.1,0.6380745692771931,0.0975266395024859,110,0.6916134202400073,0.5303303527441441,0.7950689627699096,0.5469813740675155,0.6263787365643889,110,75,173,145,85
7,0.02,900,0.8,0.8,3,2.0,0.1,0.6380745692771931,0.0975266395024859,110,0.6916134202400073,0.5303303527441441,0.7950689627699096,0.5469813740675155,0.6263787365643889,110,75,173,145,85
7,0.02,1200,0.8,0.8,3,2.0,0.1,0.6380745692771931,0.0975266395024859,110,0.6916134202400073,0.5303303527441441,0.7950689627699096,0.5469813740675155,0.6263787365643889,110,75,173,145,85
5,0.02,600,0.8,1.0,1,2.0,0.1,0.6377471812089025,0.18199334705373982,101,0.3517970141941479,0.6013226447324669,0.7909053688145857,0.5727909013578443,0.8719199769454675,86,62,141,101,107
5,0.02,900,0.8,1.0,1,2.0,0.1,0.6377471812089025,0.18199334705373982,101,0.3517970141941479,0.6013226447324669,0.7909053688145857,0.5727909013578443,0.8719199769454675,86,62,141,101,107
5,0.02,1200,0.8,1.0,1,2.0,0.1,0.6377471812089025,0.18199334705373982,101,0.3517970141941479,0.6013226447324669,0.7909053688145857,0.5727909013578443,0.8719199769454675,86,62,141,101,107
7,0.1,600,0.8,1.0,1,2.0,0.1,0.6377047671742476,0.17844673583059462,20,0.3740819150930679,0.5631146864625212,0.7984122352244626,0.5805559675640846,0.8723590315271019,15,11,25,20,21
7,0.1,900,0.8,1.0,1,2.0,0.1,0.6377047671742476,0.17844673583059462,20,0.3740819150930679,0.5631146864625212,0.7984122352244626,0.5805559675640846,0.8723590315271019,15,11,25,20,21
7,0.1,1200,0.8,1.0,1,2.0,0.1,0.6377047671742476,0.17844673583059462,20,0.3740819150930679,0.5631146864625212,0.7984122352244626,0.5805559675640846,0.8723590315271019,15,11,25,20,21
5,0.02,600,0.8,0.8,3,2.0,0.1,0.637259212234264,0.09554343511149709,110,0.6916134202400073,0.5303303527441441,0.7896576457694104,0.5483159058533695,0.6263787365643889,110,75,173,145,85
5,0.02,900,0.8,0.8,3,2.0,0.1,0.637259212234264,0.09554343511149709,110,0.6916134202400073,0.5303303527441441,0.7896576457694104,0.5483159058533695,0.6263787365643889,110,75,173,145,85
5,0.02,1200,0.8,0.8,3,2.0,0.1,0.637259212234264,0.09554343511149709,110,0.6916134202400073,0.5303303527441441,0.7896576457694104,0.5483159058533695,0.6263787365643889,110,75,173,145,85
3,0.1,600,0.8,1.0,1,2.0,0.0,0.6369769180171575,0.19390294671874087,20,0.3504779146541529,0.563614376096987,0.7548263113775302,0.5886392579097126,0.9273267300474046,16,11,32,20,29
3,0.1,900,0.8,1.0,1,2.0,0.0,0.6369769180171575,0.19390294671874087,20,0.3504779146541529,0.563614376096987,0.7548263113775302,0.5886392579097126,0.9273267300474046,16,11,32,20,29
3,0.1,1200,0.8,1.0,1,2.0,0.0,0.6369769180171575,0.19390294671874087,20,0.3504779146541529,0.563614376096987,0.7548263113775302,0.5886392579097126,0.9273267300474046,16,11,32,20,29
3,0.02,600,0.8,0.8,3,2.0,0.0,0.6367761431685646,0.10493063012687479,124,0.5820466572180909,0.5306319763611891,0.7901510108930396,0.5476861071634986,0.7333649642070046,113,75,161,145,124
3,0.02,900,0.8,0.8,3,2.0,0.0,0.6367761431685646,0.10493063012687479,124,0.5820466572180909,0.5306319763611891,0.7901510108930396,0.5476861071634986,0.7333649642070046,113,75,161,145,124
3,0.02,1200,0.8,0.8,3,2.0,0.0,0.6367761431685646,0.10493063012687479,124,0.5820466572180909,0.5306319763611891,0.7901510108930396,0.5476861071634986,0.7333649642070046,113,75,161,145,124
7,0.02,600,0.8,1.0,1,2.0,0.1,0.6365533738635942,0.18148972208748598,101,0.3516825461758105,0.6017836249726376,0.7862516742822059,0.5707224853491237,0.8723265385381936,86,62,142,101,107
7,0.02,900,0.8,1.0,1,2.0,0.1,0.6365533738635942,0.18148972208748598,101,0.3516825461758105,0.6017836249726376,0.7862516742822059,0.5707224853491237,0.8723265385381936,86,62,142,101,107
7,0.02,1200,0.8,1.0,1,2.0,0.1,0.6365533738635942,0.18148972208748598,101,0.3516825461758105,0.6017836249726376,0.7862516742822059,0.5707224853491237,0.8723265385381936,86,62,142,101,107
7,0.1,600,1.0,0.8,1,2.0,0.0,0.6362322170684216,0.07681284106456099,18,0.5727863577806839,0.6065985268314595,0.748229076527115,0.5497174096278936,0.7038297145749561,18,15,34,19,14
7,0.1,900,1.0,0.8,1,2.0,0.0,0.6362322170684216,0.07681284106456099,18,0.5727863577806839,0.6065985268314595,0.748229076527115,0.5497174096278936,0.7038297145749561,18,15,34,19,14
7,0.1,1200,1.0,0.8,1,2.0,0.0,0.6362322170684216,0.07681284106456099,18,0.5727863577806839,0.6065985268314595,0.748229076527115,0.5497174096278936,0.7038297145749561,18,15,34,19,14
5,0.1,600,1.0,0.8,1,1.0,0.1,0.635953584003763,0.0664413584274623,15,0.640132731347832,0.6280225812933754,0.5856630955809353,0.568099880970887,0.7578496308257854,14,15,38,15,14
5,0.1,900,1.0,0.8,1,1.0,0.1,0.635953584003763,0.0664413584274623,15,0.640132731347832,0.6280225812933754,0.5856630955809353,0.568099880970887,0.7578496308257854,14,15,38,15,14
5,0.1,1200,1.0,0.8,1,1.0,0.1,0.635953584003763,0.0664413584274623,15,0.640132731347832,0.6280225812933754,0.5856630955809353,0.568099880970887,0.7578496308257854,14,15,38,15,14
5,0.05,600,1.0,0.8,1,2.0,0.1,0.6356060524093579,0.057131242682887315,38,0.5726594292154433,0.6896803578888302,0.6547551817037685,0.563333113825171,0.6976021794135763,32,44,84,38,26
5,0.05,900,1.0,0.8,1,2.0,0.1,0.6356060524093579,0.057131242682887315,38,0.5726594292154433,0.6896803578888302,0.6547551817037685,0.563333113825171,0.6976021794135763,32,44,84,38,26
5,0.05,1200,1.0,0.8,1,2.0,0.1,0.6356060524093579,0.057131242682887315,38,0.5726594292154433,0.6896803578888302,0.6547551817037685,0.563333113825171,0.6976021794135763,32,44,84,38,26
5,0.02,600,0.8,1.0,1,1.0,0.1,0.6346930124409866,0.1619278581056513,77,0.39091432179249597,0.6287888056212638,0.7387947665439208,0.5490441057385371,0.8659230625087156,69,57,131,77,81
5,0.02,900,0.8,1.0,1,1.0,0.1,0.6346930124409866,0.1619278581056513,77,0.39091432179249597,0.6287888056212638,0.7387947665439208,0.5490441057385371,0.8659230625087156,69,57,131,77,81
5,0.02,1200,0.8,1.0,1,1.0,0.1,0.6346930124409866,0.1619278581056513,77,0.39091432179249597,0.6287888056212638,0.7387947665439208,0.5490441057385371,0.8659230625087156,69,57,131,77,81
7,0.05,600,0.8,1.0,1,1.0,0.0,0.633975139127449,0.14748656980364327,29,0.38825235938378877,0.6638584030561805,0.7379496904781296,0.5665764514381577,0.8132387912809883,26,30,49,29,25
7,0.05,900,0.8,1.0,1,1.0,0.0,0.633975139127449,0.14748656980364327,29,0.38825235938378877,0.6638584030561805,0.7379496904781296,0.5665764514381577,0.8132387912809883,26,30,49,29,25
7,0.05,1200,0.8,1.0,1,1.0,0.0,0.633975139127449,0.14748656980364327,29,0.38825235938378877,0.6638584030561805,0.7379496904781296,0.5665764514381577,0.8132387912809883,26,30,49,29,25
5,0.02,600,0.8,1.0,1,2.0,0.0,0.632997857365669,0.1715193151988044,91,0.35827379090136435,0.6044743669965241,0.7880793104193069,0.5733262439202323,0.8408355745909175,85,62,142,99,91
5,0.02,900,0.8,1.0,1,2.0,0.0,0.632997857365669,0.1715193151988044,91,0.35827379090136435,0.6044743669965241,0.7880793104193069,0.5733262439202323,0.8408355745909175,85,62,142,99,91
5,0.02,1200,0.8,1.0,1,2.0,0.0,0.632997857365669,0.1715193151988044,91,0.35827379090136435,0.6044743669965241,0.7880793104193069,0.5733262439202323,0.8408355745909175,85,62,142,99,91
7,0.05,600,0.8,1.0,1,1.0,0.1,0.6327880432032545,0.1502412683799841,29,0.37970981431203454,0.6514628557703575,0.7506903486893823,0.5731877458319277,0.8088894514125704,29,26,49,30,25
7,0.05,900,0.8,1.0,1,1.0,0.1,0.6327880432032545,0.1502412683799841,29,0.37970981431203454,0.6514628557703575,0.7506903486893823,0.5731877458319277,0.8088894514125704,29,26,49,30,25
7,0.05,1200,0.8,1.0,1,1.0,0.1,0.6327880432032545,0.1502412683799841,29,0.37970981431203454,0.6514628557703575,0.7506903486893823,0.5731877458319277,0.8088894514125704,29,26,49,30,25
5,0.05,600,0.8,1.0,1,1.0,0.1,0.6318112425837873,0.14887968582996472,29,0.3796418886065237,0.6509935087969227,0.743623753735891,0.5761557135136879,0.8086413482659107,29,26,49,30,25
5,0.05,900,0.8,1.0,1,1.0,0.1,0.6318112425837873,0.14887968582996472,29,0.3796418886065237,0.6509935087969227,0.743623753735891,0.5761557135136879,0.8086413482659107,29,26,49,30,25
5,0.05,1200,0.8,1.0,1,1.0,0.1,0.6318112425837873,0.14887968582996472,29,0.3796418886065237,0.6509935087969227,0.743623753735891,0.5761557135136879,0.8086413482659107,29,26,49,30,25
7,0.02,600,0.8,1.0,1,2.0,0.0,0.6312075537941265,0.17159215321213525,91,0.35706544472307844,0.605137084609217,0.784340015242063,0.5685126336478276,0.8409825907484463,85,62,142,99,91
7,0.02,900,0.8,1.0,1,2.0,0.0,0.6312075537941265,0.17159215321213525,91,0.35706544472307844,0.605137084609217,0.784340015242063,0.5685126336478276,0.8409825907484463,85,62,142,99,91
7,0.02,1200,0.8,1.0,1,2.0,0.0,0.6312075537941265,0.17159215321213525,91,0.35706544472307844,0.605137084609217,0.784340015242063,0.5685126336478276,0.8409825907484463,85,62,142,99,91
3,0.02,600,1.0,0.8,3,1.0,0.0,0.6303284126660136,0.14429339741400893,88,0.5624636544553329,0.46748116715377075,0.6204901939623465,0.6023654103483006,0.8988416374103176,73,41,242,88,170
3,0.02,900,1.0,0.8,3,1.0,0.0,0.6303284126660136,0.14429339741400893,88,0.5624636544553329,0.46748116715377075,0.6204901939623465,0.6023654103483006,0.8988416374103176,73,41,242,88,170
3,0.02,1200,1.0,0.8,3,1.0,0.0,0.6303284126660136,0.14429339741400893,88,0.5624636544553329,0.46748116715377075,0.6204901939623465,0.6023654103483006,0.8988416374103176,73,41,242,88,170
5,0.02,600,0.8,0.8,3,1.0,0.0,0.6301452123447251,0.07267513848342085,87,0.683084957127188,0.5414280840484414,0.7358675361019709,0.5626790792739822,0.6276664051720428,87,61,169,117,67
5,0.02,900,0.8,0.8,3,1.0,0.0,0.6301452123447251,0.07267513848342085,87,0.683084957127188,0.5414280840484414,0.7358675361019709,0.5626790792739822,0.6276664051720428,87,61,169,117,67
5,0.02,1200,0.8,0.8,3,1.0,0.0,0.6301452123447251,0.07267513848342085,87,0.683084957127188,0.5414280840484414,0.7358675361019709,0.5626790792739822,0.6276664051720428,87,61,169,117,67
7,0.02,600,0.8,1.0,1,1.0,0.1,0.629685900412128,0.15651624467034353,75,0.3909768745308164,0.6415885030619091,0.7149702019476497,0.5454061026318033,0.8554878198884618,69,62,141,75,76
7,0.02,900,0.8,1.0,1,1.0,0.1,0.629685900412128,0.15651624467034353,75,0.3909768745308164,0.6415885030619091,0.7149702019476497,0.5454061026318033,0.8554878198884618,69,62,141,75,76
7,0.02,1200,0.8,1.0,1,1.0,0.1,0.629685900412128,0.15651624467034353,75,0.3909768745308164,0.6415885030619091,0.7149702019476497,0.5454061026318033,0.8554878198884618,69,62,141,75,76
3,0.02,600,0.8,0.8,3,2.0,0.1,0.6294237335604367,0.10171420132617111,124,0.5692424006736072,0.5293383774646473,0.7745072108646764,0.5450220187749122,0.7290086600243404,113,75,179,145,124
3,0.02,900,0.8,0.8,3,2.0,0.1,0.6294237335604367,0.10171420132617111,124,0.5692424006736072,0.5293383774646473,0.7745072108646764,0.5450220187749122,0.7290086600243404,113,75,179,145,124
3,0.02,1200,0.8,0.8,3,2.0,0.1,0.6294237335604367,0.10171420132617111,124,0.5692424006736072,0.5293383774646473,0.7745072108646764,0.5450220187749122,0.7290086600243404,113,75,179,145,124
7,0.1,600,0.8,0.8,3,1.0,0.1,0.629108488823902,0.15030083675937495,19,0.6678685697649855,0.37539992745586614,0.8096005993409319,0.562939110882016,0.7297342366757105,15,7,31,23,19
7,0.1,900,0.8,0.8,3,1.0,0.1,0.629108488823902,0.15030083675937495,19,0.6678685697649855,0.37539992745586614,0.8096005993409319,0.562939110882016,0.7297342366757105,15,7,31,23,19
7,0.1,1200,0.8,0.8,3,1.0,0.1,0.629108488823902,0.15030083675937495,19,0.6678685697649855,0.37539992745586614,0.8096005993409319,0.562939110882016,0.7297342366757105,15,7,31,23,19
3,0.05,600,1.0,1.0,1,2.0,0.1,0.6285804908695529,0.18998348239209176,33,0.3566458539719023,0.6047986652225845,0.7000720840411248,0.5461355406840529,0.9352503104281006,31,23,73,33,64
3,0.05,900,1.0,1.0,1,2.0,0.1,0.6285804908695529,0.18998348239209176,33,0.3566458539719023,0.6047986652225845,0.7000720840411248,0.5461355406840529,0.9352503104281006,31,23,73,33,64
3,0.05,1200,1.0,1.0,1,2.0,0.1,0.6285804908695529,0.18998348239209176,33,0.3566458539719023,0.6047986652225845,0.7000720840411248,0.5461355406840529,0.9352503104281006,31,23,73,33,64
7,0.02,600,0.8,0.8,3,1.0,0.0,0.6285757331060797,0.07071518151060373,87,0.683084957127188,0.5414280840484414,0.7286492423405283,0.5620804264414575,0.6276359555727831,87,61,179,117,67
7,0.02,900,0.8,0.8,3,1.0,0.0,0.6285757331060797,0.07071518151060373,87,0.683084957127188,0.5414280840484414,0.7286492423405283,0.5620804264414575,0.6276359555727831,87,61,179,117,67
7,0.02,1200,0.8,0.8,3,1.0,0.0,0.6285757331060797,0.07071518151060373,87,0.683084957127188,0.5414280840484414,0.7286492423405283,0.5620804264414575,0.6276359555727831,87,61,179,117,67
3,0.02,600,0.8,0.8,3,1.0,0.1,0.6285073152462732,0.11067587415013723,117,0.5802163614546686,0.48764040021777755,0.7496535922513762,0.5574392493137916,0.7675869729937528,87,51,161,117,124
3,0.02,900,0.8,0.8,3,1.0,0.1,0.6285073152462732,0.11067587415013723,117,0.5802163614546686,0.48764040021777755,0.7496535922513762,0.5574392493137916,0.7675869729937528,87,51,161,117,124
3,0.02,1200,0.8,0.8,3,1.0,0.1,0.6285073152462732,0.11067587415013723,117,0.5802163614546686,0.48764040021777755,0.7496535922513762,0.5574392493137916,0.7675869729937528,87,51,161,117,124
7,0.02,600,1.0,0.8,1,1.0,0.0,0.628419807405589,0.05603280224340307,76,0.6466125389279106,0.6859601652362273,0.5608900548692757,0.5632338057699928,0.6854024722245385,64,94,212,76,52
7,0.02,900,1.0,0.8,1,1.0,0.0,0.628419807405589,0.05603280224340307,76,0.6466125389279106,0.6859601652362273,0.5608900548692757,0.5632338057699928,0.6854024722245385,64,94,212,76,52
7,0.02,1200,1.0,0.8,1,1.0,0.0,0.628419807405589,0.05603280224340307,76,0.6466125389279106,0.6859601652362273,0.5608900548692757,0.5632338057699928,0.6854024722245385,64,94,212,76,52
5,0.02,600,1.0,1.0,1,2.0,0.0,0.6283505758414337,0.15393877724924754,83,0.40660153207945504,0.5904497087551355,0.7329197021040655,0.5560295412617251,0.8557523950067878,83,54,159,86,82
5,0.02,900,1.0,1.0,1,2.0,0.0,0.6283505758414337,0.15393877724924754,83,0.40660153207945504,0.5904497087551355,0.7329197021040655,0.5560295412617251,0.8557523950067878,83,54,159,86,82
5,0.02,1200,1.0,1.0,1,2.0,0.0,0.6283505758414337,0.15393877724924754,83,0.40660153207945504,0.5904497087551355,0.7329197021040655,0.5560295412617251,0.8557523950067878,83,54,159,86,82
5,0.1,600,0.8,0.8,3,1.0,0.1,0.6279922344764124,0.14893996036857735,19,0.6678685697649855,0.37539992745586614,0.8039232255745654,0.5630352129109342,0.7297342366757105,15,7,31,23,19
5,0.1,900,0.8,0.8,3,1.0,0.1,0.6279922344764124,0.14893996036857735,19,0.6678685697649855,0.37539992745586614,0.8039232255745654,0.5630352129109342,0.7297342366757105,15,7,31,23,19
5,0.1,1200,0.8,0.8,3,1.0,0.1,0.6279922344764124,0.14893996036857735,19,0.6678685697649855,0.37539992745586614,0.8039232255745654,0.5630352129109342,0.7297342366757105,15,7,31,23,19
5,0.02,600,1.0,0.8,1,2.0,0.1,0.6271887992388715,0.06561849512536619,78,0.5789527006135556,0.5754885820736902,0.6878722169226656,0.5691093004490979,0.7245211961353484,78,71,194,95,76
5,0.02,900,1.0,0.8,1,2.0,0.1,0.6271887992388715,0.06561849512536619,78,0.5789527006135556,0.5754885820736902,0.6878722169226656,0.5691093004490979,0.7245211961353484,78,71,194,95,76
5,0.02,1200,1.0,0.8,1,2.0,0.1,0.6271887992388715,0.06561849512536619,78,0.5789527006135556,0.5754885820736902,0.6878722169226656,0.5691093004490979,0.7245211961353484,78,71,194,95,76
7,0.1,600,0.8,0.8,3,1.0,0.0,0.6268750996495595,0.14581986208078138,18,0.6637702002913051,0.3779253857005914,0.795619092614033,0.5661668490649121,0.7308939705769557,16,7,33,23,18
7,0.1,900,0.8,0.8,3,1.0,0.0,0.6268750996495595,0.14581986208078138,18,0.6637702002913051,0.3779253857005914,0.795619092614033,0.5661668490649121,0.7308939705769557,16,7,33,23,18
7,0.1,1200,0.8,0.8,3,1.0,0.0,0.6268750996495595,0.14581986208078138,18,0.6637702002913051,0.3779253857005914,0.795619092614033,0.5661668490649121,0.7308939705769557,16,7,33,23,18
3,0.1,600,1.0,1.0,1,1.0,0.1,0.6265245017838674,0.17524984059855478,13,0.402323630206608,0.6301407670842469,0.6474820786641918,0.5227222883361746,0.9299537446281155,13,11,32,13,23
3,0.1,900,1.0,1.0,1,1.0,0.1,0.6265245017838674,0.17524984059855478,13,0.402323630206608,0.6301407670842469,0.6474820786641918,0.5227222883361746,0.9299537446281155,13,11,32,13,23
3,0.1,1200,1.0,1.0,1,1.0,0.1,0.6265245017838674,0.17524984059855478,13,0.402323630206608,0.6301407670842469,0.6474820786641918,0.5227222883361746,0.9299537446281155,13,11,32,13,23
5,0.1,600,0.8,0.8,3,1.0,0.0,0.6263644846228633,0.14550616592708518,18,0.6637702002913051,0.3779253857005914,0.7939429277352585,0.5652899388102055,0.7308939705769557,16,7,31,23,18
5,0.1,900,0.8,0.8,3,1.0,0.0,0.6263644846228633,0.14550616592708518,18,0.6637702002913051,0.3779253857005914,0.7939429277352585,0.5652899388102055,0.7308939705769557,16,7,31,23,18
5,0.1,1200,0.8,0.8,3,1.0,0.0,0.6263644846228633,0.14550616592708518,18,0.6637702002913051,0.3779253857005914,0.7939429277352585,0.5652899388102055,0.7308939705769557,16,7,31,23,18
7,0.02,600,0.8,1.0,1,1.0,0.0,0.6255594252923656,0.1609293605763434,76,0.37687796576971055,0.6415920558714281,0.7047742372103682,0.5452003428389636,0.8593525247713578,70,62,140,76,76
7,0.02,900,0.8,1.0,1,1.0,0.0,0.6255594252923656,0.1609293605763434,76,0.37687796576971055,0.6415920558714281,0.7047742372103682,0.5452003428389636,0.8593525247713578,70,62,140,76,76
7,0.02,1200,0.8,1.0,1,1.0,0.0,0.6255594252923656,0.1609293605763434,76,0.37687796576971055,0.6415920558714281,0.7047742372103682,0.5452003428389636,0.8593525247713578,70,62,140,76,76
5,0.02,600,0.8,1.0,1,1.0,0.0,0.6248438006599171,0.16053669902656956,73,0.37920413116291585,0.6279446150861376,0.7116031989164261,0.5464471195131044,0.8590199386210008,70,57,137,73,76
5,0.02,900,0.8,1.0,1,1.0,0.0,0.6248438006599171,0.16053669902656956,73,0.37920413116291585,0.6279446150861376,0.7116031989164261,0.5464471195131044,0.8590199386210008,70,57,137,73,76
5,0.02,1200,0.8,1.0,1,1.0,0.0,0.6248438006599171,0.16053669902656956,73,0.37920413116291585,0.6279446150861376,0.7116031989164261,0.5464471195131044,0.8590199386210008,70,57,137,73,76
3,0.05,600,1.0,1.0,1,2.0,0.0,0.6247614085634307,0.18783433675584615,33,0.35201985372570865,0.6071451827662052,0.6943701780094922,0.5447416397932332,0.9255301885225137,30,23,72,33,53
3,0.05,900,1.0,1.0,1,2.0,0.0,0.6247614085634307,0.18783433675584615,33,0.35201985372570865,0.6071451827662052,0.6943701780094922,0.5447416397932332,0.9255301885225137,30,23,72,33,53
3,0.05,1200,1.0,1.0,1,2.0,0.0,0.6247614085634307,0.18783433675584615,33,0.35201985372570865,0.6071451827662052,0.6943701780094922,0.5447416397932332,0.9255301885225137,30,23,72,33,53
3,0.02,600,0.8,0.8,1,2.0,0.0,0.6245845182945169,0.13256061973060906,110,0.5442227334168942,0.43977016883520703,0.7357297147362474,0.5942892010286112,0.8089107734556245,92,47,201,110,124
3,0.02,900,0.8,0.8,1,2.0,0.0,0.6245845182945169,0.13256061973060906,110,0.5442227334168942,0.43977016883520703,0.7357297147362474,0.5942892010286112,0.8089107734556245,92,47,201,110,124
3,0.02,1200,0.8,0.8,1,2.0,0.0,0.6245845182945169,0.13256061973060906,110,0.5442227334168942,0.43977016883520703,0.7357297147362474,0.5942892010286112,0.8089107734556245,92,47,201,110,124
3,0.1,600,1.0,1.0,3,1.0,0.1,0.6245123061013316,0.20017633625837813,14,0.3363695604179099,0.5182656053198973,0.7260589751779365,0.6083790077860849,0.9334883818048292,13,7,29,14,41
3,0.1,900,1.0,1.0,3,1.0,0.1,0.6245123061013316,0.20017633625837813,14,0.3363695604179099,0.5182656053198973,0.7260589751779365,0.6083790077860849,0.9334883818048292,13,7,29,14,41
3,0.1,1200,1.0,1.0,3,1.0,0.1,0.6245123061013316,0.20017633625837813,14,0.3363695604179099,0.5182656053198973,0.7260589751779365,0.6083790077860849,0.9334883818048292,13,7,29,14,41
5,0.1,600,1.0,1.0,1,2.0,0.0,0.6244138051039771,0.1521748355311902,16,0.4074937617299925,0.5758236924150425,0.7191915429362459,0.563470411543702,0.8560896168949027,16,10,32,17,16
5,0.1,900,1.0,1.0,1,2.0,0.0,0.6244138051039771,0.1521748355311902,16,0.4074937617299925,0.5758236924150425,0.7191915429362459,0.563470411543702,0.8560896168949027,16,10,32,17,16
5,0.1,1200,1.0,1.0,1,2.0,0.0,0.6244138051039771,0.1521748355311902,16,0.4074937617299925,0.5758236924150425,0.7191915429362459,0.563470411543702,0.8560896168949027,16,10,32,17,16
3,0.02,600,0.8,1.0,1,1.0,0.1,0.6238818748129522,0.18762571467331612,75,0.38619191290388155,0.5336039334240947,0.7349892848078394,0.5380039564198371,0.9266202865091082,67,40,139,75,145
3,0.02,900,0.8,1.0,1,1.0,0.1,0.6238818748129522,0.18762571467331612,75,0.38619191290388155,0.5336039334240947,0.7349892848078394,0.5380039564198371,0.9266202865091082,67,40,139,75,145
3,0.02,1200,0.8,1.0,1,1.0,0.1,0.6238818748129522,0.18762571467331612,75,0.38619191290388155,0.5336039334240947,0.7349892848078394,0.5380039564198371,0.9266202865091082,67,40,139,75,145
3,0.02,600,0.8,0.8,3,1.0,0.0,0.6238805624423266,0.10142146261961503,104,0.5903776580943054,0.49021171286971876,0.7440494014587145,0.5554674601707603,0.7392965796181346,87,51,161,111,104
3,0.02,900,0.8,0.8,3,1.0,0.0,0.6238805624423266,0.10142146261961503,104,0.5903776580943054,0.49021171286971876,0.7440494014587145,0.5554674601707603,0.7392965796181346,87,51,161,111,104
3,0.02,1200,0.8,0.8,3,1.0,0.0,0.6238805624423266,0.10142146261961503,104,0.5903776580943054,0.49021171286971876,0.7440494014587145,0.5554674601707603,0.7392965796181346,87,51,161,111,104
3,0.02,600,1.0,0.8,3,1.0,0.1,0.6237284129388332,0.1537242099733723,88,0.5685326167170086,0.4259333088589006,0.6262369361522957,0.5996223865164456,0.8983168164495157,73,35,242,88,177
3,0.02,900,1.0,0.8,3,1.0,0.1,0.6237284129388332,0.1537242099733723,88,0.5685326167170086,0.4259333088589006,0.6262369361522957,0.5996223865164456,0.8983168164495157,73,35,242,88,177
3,0.02,1200,1.0,0.8,3,1.0,0.1,0.6237284129388332,0.1537242099733723,88,0.5685326167170086,0.4259333088589006,0.6262369361522957,0.5996223865164456,0.8983168164495157,73,35,242,88,177
3,0.02,600,0.8,0.8,1,2.0,0.1,0.6235457994270164,0.13612016108338257,110,0.5355299214114704,0.4371703683058896,0.747249695470383,0.5904808046861056,0.8072982072612329,109,47,201,110,124
3,0.02,900,0.8,0.8,1,2.0,0.1,0.6235457994270164,0.13612016108338257,110,0.5355299214114704,0.4371703683058896,0.747249695470383,0.5904808046861056,0.8072982072612329,109,47,201,110,124
3,0.02,1200,0.8,0.8,1,2.0,0.1,0.6235457994270164,0.13612016108338257,110,0.5355299214114704,0.4371703683058896,0.747249695470383,0.5904808046861056,0.8072982072612329,109,47,201,110,124
3,0.1,600,1.0,1.0,3,1.0,0.0,0.6234145435235297,0.19746484169269277,14,0.33943652683700254,0.5204748388857721,0.7149677496789736,0.6102869229852499,0.9319066792306503,12,7,30,14,40
3,0.1,900,1.0,1.0,3,1.0,0.0,0.6234145435235297,0.19746484169269277,14,0.33943652683700254,0.5204748388857721,0.7149677496789736,0.6102869229852499,0.9319066792306503,12,7,30,14,40
3,0.1,1200,1.0,1.0,3,1.0,0.0,0.6234145435235297,0.19746484169269277,14,0.33943652683700254,0.5204748388857721,0.7149677496789736,0.6102869229852499,0.9319066792306503,12,7,30,14,40
3,0.02,600,0.8,1.0,1,2.0,0.1,0.6215272070386331,0.18753944006209683,101,0.3378571481150259,0.5978725538892751,0.6872639087825747,0.5672165783050886,0.9174258461012013,85,62,203,101,155
3,0.02,900,0.8,1.0,1,2.0,0.1,0.6215272070386331,0.18753944006209683,101,0.3378571481150259,0.5978725538892751,0.6872639087825747,0.5672165783050886,0.9174258461012013,85,62,203,101,155
3,0.02,1200,0.8,1.0,1,2.0,0.1,0.6215272070386331,0.18753944006209683,101,0.3378571481150259,0.5978725538892751,0.6872639087825747,0.5672165783050886,0.9174258461012013,85,62,203,101,155
5,0.05,600,1.0,0.8,1,2.0,0.0,0.621279892534527,0.05528753662159473,37,0.551679102216684,0.6859562332018798,0.6410078438710158,0.5602241782852029,0.6675321050978529,34,44,84,37,23
5,0.05,900,1.0,0.8,1,2.0,0.0,0.621279892534527,0.05528753662159473,37,0.551679102216684,0.6859562332018798,0.6410078438710158,0.5602241782852029,0.6675321050978529,34,44,84,37,23
5,0.05,1200,1.0,0.8,1,2.0,0.0,0.621279892534527,0.05528753662159473,37,0.551679102216684,0.6859562332018798,0.6410078438710158,0.5602241782852029,0.6675321050978529,34,44,84,37,23
3,0.02,600,1.0,1.0,1,2.0,0.1,0.6210088230784491,0.18664925749954245,84,0.35876513279820277,0.5779759205900299,0.6952177352876658,0.5476471317984832,0.9254381949178639,77,53,186,84,136
3,0.02,900,1.0,1.0,1,2.0,0.1,0.6210088230784491,0.18664925749954245,84,0.35876513279820277,0.5779759205900299,0.6952177352876658,0.5476471317984832,0.9254381949178639,77,53,186,84,136
3,0.02,1200,1.0,1.0,1,2.0,0.1,0.6210088230784491,0.18664925749954245,84,0.35876513279820277,0.5779759205900299,0.6952177352876658,0.5476471317984832,0.9254381949178639,77,53,186,84,136
3,0.1,600,0.8,0.8,3,1.0,0.1,0.6209366279889874,0.14643537048691013,19,0.6113964976414081,0.37885923682422784,0.7937195934779627,0.5721419043423248,0.7485659076590134,15,7,31,23,19
3,0.1,900,0.8,0.8,3,1.0,0.1,0.6209366279889874,0.14643537048691013,19,0.6113964976414081,0.37885923682422784,0.7937195934779627,0.5721419043423248,0.7485659076590134,15,7,31,23,19
3,0.1,1200,0.8,0.8,3,1.0,0.1,0.6209366279889874,0.14643537048691013,19,0.6113964976414081,0.37885923682422784,0.7937195934779627,0.5721419043423248,0.7485659076590134,15,7,31,23,19
7,0.1,600,0.8,0.8,3,2.0,0.1,0.6204825969672172,0.16382781459363047,20,0.6551250472948311,0.34266469305354497,0.8437879109744874,0.5767883716577036,0.6840469618555185,20,7,31,29,19
7,0.1,900,0.8,0.8,3,2.0,0.1,0.6204825969672172,0.16382781459363047,20,0.6551250472948311,0.34266469305354497,0.8437879109744874,0.5767883716577036,0.6840469618555185,20,7,31,29,19
7,0.1,1200,0.8,0.8,3,2.0,0.1,0.6204825969672172,0.16382781459363047,20,0.6551250472948311,0.34266469305354497,0.8437879109744874,0.5767883716577036,0.6840469618555185,20,7,31,29,19
3,0.02,600,0.8,1.0,3,1.0,0.1,0.620446484290599,0.17831421684318458,113,0.40559761266857053,0.45920580984154935,0.7559566296010143,0.6001677255652011,0.8813046437766598,70,33,132,113,145
3,0.02,900,0.8,1.0,3,1.0,0.1,0.620446484290599,0.17831421684318458,113,0.40559761266857053,0.45920580984154935,0.7559566296010143,0.6001677255652011,0.8813046437766598,70,33,132,113,145
3,0.02,1200,0.8,1.0,3,1.0,0.1,0.620446484290599,0.17831421684318458,113,0.40559761266857053,0.45920580984154935,0.7559566296010143,0.6001677255652011,0.8813046437766598,70,33,132,113,145
3,0.02,600,0.8,1.0,1,2.0,0.0,0.6200439835944898,0.18574587884891336,98,0.3375715183183198,0.6008768034060197,0.6805539429080995,0.5679583630688034,0.9132592902712067,84,62,203,98,145
3,0.02,900,0.8,1.0,1,2.0,0.0,0.6200439835944898,0.18574587884891336,98,0.3375715183183198,0.6008768034060197,0.6805539429080995,0.5679583630688034,0.9132592902712067,84,62,203,98,145
3,0.02,1200,0.8,1.0,1,2.0,0.0,0.6200439835944898,0.18574587884891336,98,0.3375715183183198,0.6008768034060197,0.6805539429080995,0.5679583630688034,0.9132592902712067,84,62,203,98,145
5,0.1,600,0.8,0.8,3,2.0,0.1,0.6200315666314624,0.16318159996592682,20,0.6551250472948311,0.34266469305354497,0.8414317078278207,0.5768894231255969,0.6840469618555185,20,7,31,29,19
5,0.1,900,0.8,0.8,3,2.0,0.1,0.6200315666314624,0.16318159996592682,20,0.6551250472948311,0.34266469305354497,0.8414317078278207,0.5768894231255969,0.6840469618555185,20,7,31,29,19
5,0.1,1200,0.8,0.8,3,2.0,0.1,0.6200315666314624,0.16318159996592682,20,0.6551250472948311,0.34266469305354497,0.8414317078278207,0.5768894231255969,0.6840469618555185,20,7,31,29,19
5,0.1,600,1.0,1.0,1,1.0,0.1,0.6196939052588244,0.14981282600495158,13,0.4029811963803559,0.6423579999727287,0.6665232771653156,0.5325061195669983,0.854100933208723,14,12,29,13,13
5,0.1,900,1.0,1.0,1,1.0,0.1,0.6196939052588244,0.14981282600495158,13,0.4029811963803559,0.6423579999727287,0.6665232771653156,0.5325061195669983,0.854100933208723,14,12,29,13,13
5,0.1,1200,1.0,1.0,1,1.0,0.1,0.6196939052588244,0.14981282600495158,13,0.4029811963803559,0.6423579999727287,0.6665232771653156,0.5325061195669983,0.854100933208723,14,12,29,13,13
3,0.1,600,0.8,0.8,3,1.0,0.0,0.6194812828121082,0.14540464433001712,19,0.6071011608463959,0.37984686222341035,0.7890383382772643,0.5713080790446778,0.7501119736687927,15,7,31,23,19
3,0.1,900,0.8,0.8,3,1.0,0.0,0.6194812828121082,0.14540464433001712,19,0.6071011608463959,0.37984686222341035,0.7890383382772643,0.5713080790446778,0.7501119736687927,15,7,31,23,19
3,0.1,1200,0.8,0.8,3,1.0,0.0,0.6194812828121082,0.14540464433001712,19,0.6071011608463959,0.37984686222341035,0.7890383382772643,0.5713080790446778,0.7501119736687927,15,7,31,23,19
5,0.1,600,1.0,1.0,1,1.0,0.0,0.6190098816863188,0.15760913366817136,13,0.4085753672862137,0.5988502464575072,0.6945207437448726,0.5207863468891814,0.8723167040538191,13,9,26,13,14
5,0.1,900,1.0,1.0,1,1.0,0.0,0.6190098816863188,0.15760913366817136,13,0.4085753672862137,0.5988502464575072,0.6945207437448726,0.5207863468891814,0.8723167040538191,13,9,26,13,14
5,0.1,1200,1.0,1.0,1,1.0,0.0,0.6190098816863188,0.15760913366817136,13,0.4085753672862137,0.5988502464575072,0.6945207437448726,0.5207863468891814,0.8723167040538191,13,9,26,13,14
7,0.1,600,0.8,0.8,3,2.0,0.0,0.6188438217511016,0.16658767307590105,20,0.6599904017056484,0.34456545282747675,0.8479546800702162,0.5525325114057703,0.6891760627463963,20,7,31,25,19
7,0.1,900,0.8,0.8,3,2.0,0.0,0.6188438217511016,0.16658767307590105,20,0.6599904017056484,0.34456545282747675,0.8479546800702162,0.5525325114057703,0.6891760627463963,20,7,31,25,19
7,0.1,1200,0.8,0.8,3,2.0,0.0,0.6188438217511016,0.16658767307590105,20,0.6599904017056484,0.34456545282747675,0.8479546800702162,0.5525325114057703,0.6891760627463963,20,7,31,25,19
3,0.1,600,0.8,0.8,1,1.0,0.1,0.6186666261958073,0.1749206338407904,17,0.6014832480355555,0.32650570645008714,0.7869226615073269,0.5686499287281646,0.8097715862579024,16,6,31,17,18
3,0.1,900,0.8,0.8,1,1.0,0.1,0.6186666261958073,0.1749206338407904,17,0.6014832480355555,0.32650570645008714,0.7869226615073269,0.5686499287281646,0.8097715862579024,16,6,31,17,18
3,0.1,1200,0.8,0.8,1,1.0,0.1,0.6186666261958073,0.1749206338407904,17,0.6014832480355555,0.32650570645008714,0.7869226615073269,0.5686499287281646,0.8097715862579024,16,6,31,17,18
3,0.05,600,0.8,1.0,3,1.0,0.0,0.6182156832577059,0.20817224482328944,47,0.32841174266854434,0.44746778549780186,0.7745499269630899,0.6422177266532283,0.8984312345058655,29,14,47,50,55
3,0.05,900,0.8,1.0,3,1.0,0.0,0.6182156832577059,0.20817224482328944,47,0.32841174266854434,0.44746778549780186,0.7745499269630899,0.6422177266532283,0.8984312345058655,29,14,47,50,55
3,0.05,1200,0.8,1.0,3,1.0,0.0,0.6182156832577059,0.20817224482328944,47,0.32841174266854434,0.44746778549780186,0.7745499269630899,0.6422177266532283,0.8984312345058655,29,14,47,50,55
5,0.1,600,0.8,0.8,3,2.0,0.0,0.6176673949606116,0.16492140261690658,20,0.6599904017056484,0.34456545282747675,0.8419096497296765,0.5526954077938605,0.6891760627463963,20,7,31,25,19
5,0.1,900,0.8,0.8,3,2.0,0.0,0.6176673949606116,0.16492140261690658,20,0.6599904017056484,0.34456545282747675,0.8419096497296765,0.5526954077938605,0.6891760627463963,20,7,31,25,19
5,0.1,1200,0.8,0.8,3,2.0,0.0,0.6176673949606116,0.16492140261690658,20,0.6599904017056484,0.34456545282747675,0.8419096497296765,0.5526954077938605,0.6891760627463963,20,7,31,25,19
5,0.05,600,0.8,1.0,1,1.0,0.0,0.6175961578419699,0.14739497575486982,26,0.3893803267849878,0.5742310109872644,0.7385215383723077,0.573149395972897,0.8126985170923927,26,18,49,29,25
5,0.05,900,0.8,1.0,1,1.0,0.0,0.6175961578419699,0.14739497575486982,26,0.3893803267849878,0.5742310109872644,0.7385215383723077,0.573149395972897,0.8126985170923927,26,18,49,29,25
5,0.05,1200,0.8,1.0,1,1.0,0.0,0.6175961578419699,0.14739497575486982,26,0.3893803267849878,0.5742310109872644,0.7385215383723077,0.573149395972897,0.8126985170923927,26,18,49,29,25
3,0.02,600,1.0,1.0,1,2.0,0.0,0.617411156107256,0.18588146419562243,83,0.35199227622272933,0.5911649622453959,0.6741234319265881,0.5467308938670574,0.9230442162745095,76,55,190,83,130
3,0.02,900,1.0,1.0,1,2.0,0.0,0.617411156107256,0.18588146419562243,83,0.35199227622272933,0.5911649622453959,0.6741234319265881,0.5467308938670574,0.9230442162745095,76,55,190,83,130
3,0.02,1200,1.0,1.0,1,2.0,0.0,0.617411156107256,0.18588146419562243,83,0.35199227622272933,0.5911649622453959,0.6741234319265881,0.5467308938670574,0.9230442162745095,76,55,190,83,130
3,0.02,600,0.8,1.0,3,1.0,0.0,0.617221744291969,0.17102728768946282,113,0.40737509848727294,0.4592433909022071,0.7535506614877513,0.6067198365334832,0.8592197340491303,70,33,132,113,122
3,0.02,900,0.8,1.0,3,1.0,0.0,0.617221744291969,0.17102728768946282,113,0.40737509848727294,0.4592433909022071,0.7535506614877513,0.6067198365334832,0.8592197340491303,70,33,132,113,122
3,0.02,1200,0.8,1.0,3,1.0,0.0,0.617221744291969,0.17102728768946282,113,0.40737509848727294,0.4592433909022071,0.7535506614877513,0.6067198365334832,0.8592197340491303,70,33,132,113,122
7,0.1,600,1.0,1.0,1,1.0,0.0,0.6167074291361466,0.15547235317305536,13,0.40742316362599407,0.7432908311621347,0.5809130827623725,0.5135770661395453,0.8383330019906863,13,30,34,13,12
7,0.1,900,1.0,1.0,1,1.0,0.0,0.6167074291361466,0.15547235317305536,13,0.40742316362599407,0.7432908311621347,0.5809130827623725,0.5135770661395453,0.8383330019906863,13,30,34,13,12
7,0.1,1200,1.0,1.0,1,1.0,0.0,0.6167074291361466,0.15547235317305536,13,0.40742316362599407,0.7432908311621347,0.5809130827623725,0.5135770661395453,0.8383330019906863,13,30,34,13,12
5,0.05,600,1.0,1.0,1,1.0,0.0,0.6154546357360934,0.15123007674682237,26,0.4136798934470055,0.5924980516314096,0.7023396455190358,0.5169519585827932,0.8518036295002226,26,18,52,26,26
5,0.05,900,1.0,1.0,1,1.0,0.0,0.6154546357360934,0.15123007674682237,26,0.4136798934470055,0.5924980516314096,0.7023396455190358,0.5169519585827932,0.8518036295002226,26,18,52,26,26
5,0.05,1200,1.0,1.0,1,1.0,0.0,0.6154546357360934,0.15123007674682237,26,0.4136798934470055,0.5924980516314096,0.7023396455190358,0.5169519585827932,0.8518036295002226,26,18,52,26,26
5,0.02,600,1.0,0.8,1,1.0,0.1,0.6153734743771414,0.09642346028033083,76,0.6768764834147494,0.6816041878498414,0.45733364694334644,0.5502692097853621,0.7107838438924075,67,94,272,76,57
5,0.02,900,1.0,0.8,1,1.0,0.1,0.6153734743771414,0.09642346028033083,76,0.6768764834147494,0.6816041878498414,0.45733364694334644,0.5502692097853621,0.7107838438924075,67,94,272,76,57
5,0.02,1200,1.0,0.8,1,1.0,0.1,0.6153734743771414,0.09642346028033083,76,0.6768764834147494,0.6816041878498414,0.45733364694334644,0.5502692097853621,0.7107838438924075,67,94,272,76,57
5,0.02,600,1.0,1.0,1,1.0,0.1,0.6152363882625688,0.1488574285277912,67,0.4090431220926679,0.6327446051686402,0.6523759640108474,0.5250149894188081,0.8570032606218804,66,57,155,67,68
5,0.02,900,1.0,1.0,1,1.0,0.1,0.6152363882625688,0.1488574285277912,67,0.4090431220926679,0.6327446051686402,0.6523759640108474,0.5250149894188081,0.8570032606218804,66,57,155,67,68
5,0.02,1200,1.0,1.0,1,1.0,0.1,0.6152363882625688,0.1488574285277912,67,0.4090431220926679,0.6327446051686402,0.6523759640108474,0.5250149894188081,0.8570032606218804,66,57,155,67,68
3,0.02,600,1.0,1.0,3,1.0,0.1,0.6151950989444435,0.20827926909077088,73,0.32366582757656326,0.4810117916877584,0.7284853865091914,0.609745704418555,0.9330667845301489,65,32,147,73,208
3,0.02,900,1.0,1.0,3,1.0,0.1,0.6151950989444435,0.20827926909077088,73,0.32366582757656326,0.4810117916877584,0.7284853865091914,0.609745704418555,0.9330667845301489,65,32,147,73,208
3,0.02,1200,1.0,1.0,3,1.0,0.1,0.6151950989444435,0.20827926909077088,73,0.32366582757656326,0.4810117916877584,0.7284853865091914,0.609745704418555,0.9330667845301489,65,32,147,73,208
5,0.05,600,0.8,1.0,1,2.0,0.0,0.6151328220611422,0.1694071757503019,39,0.35302626906249746,0.5848279851835856,0.6804927236406859,0.5806254249671963,0.8766917074517456,35,23,79,39,42
5,0.05,900,0.8,1.0,1,2.0,0.0,0.6151328220611422,0.1694071757503019,39,0.35302626906249746,0.5848279851835856,0.6804927236406859,0.5806254249671963,0.8766917074517456,35,23,79,39,42
5,0.05,1200,0.8,1.0,1,2.0,0.0,0.6151328220611422,0.1694071757503019,39,0.35302626906249746,0.5848279851835856,0.6804927236406859,0.5806254249671963,0.8766917074517456,35,23,79,39,42
7,0.05,600,1.0,1.0,1,1.0,0.0,0.615006546003742,0.15199696065234067,26,0.41303238978589396,0.737234291648158,0.5820183560902832,0.509603278922222,0.8331444135721529,26,59,69,26,24
7,0.05,900,1.0,1.0,1,1.0,0.0,0.615006546003742,0.15199696065234067,26,0.41303238978589396,0.737234291648158,0.5820183560902832,0.509603278922222,0.8331444135721529,26,59,69,26,24
7,0.05,1200,1.0,1.0,1,1.0,0.0,0.615006546003742,0.15199696065234067,26,0.41303238978589396,0.737234291648158,0.5820183560902832,0.509603278922222,0.8331444135721529,26,59,69,26,24
5,0.05,600,1.0,1.0,1,1.0,0.1,0.6145835239970838,0.1464113608424181,26,0.4085048102504998,0.6332094644907498,0.6546457746856023,0.5271901388780076,0.8493674316805595,26,23,61,26,26
5,0.05,900,1.0,1.0,1,1.0,0.1,0.6145835239970838,0.1464113608424181,26,0.4085048102504998,0.6332094644907498,0.6546457746856023,0.5271901388780076,0.8493674316805595,26,23,61,26,26
5,0.05,1200,1.0,1.0,1,1.0,0.1,0.6145835239970838,0.1464113608424181,26,0.4085048102504998,0.6332094644907498,0.6546457746856023,0.5271901388780076,0.8493674316805595,26,23,61,26,26
3,0.05,600,0.8,1.0,1,2.0,0.0,0.6143690042610694,0.193059257766957,39,0.34030259615016245,0.5276308187380392,0.7141619421406931,0.5721014205631962,0.917648243713256,32,19,79,39,57
3,0.05,900,0.8,1.0,1,2.0,0.0,0.6143690042610694,0.193059257766957,39,0.34030259615016245,0.5276308187380392,0.7141619421406931,0.5721014205631962,0.917648243713256,32,19,79,39,57
3,0.05,1200,0.8,1.0,1,2.0,0.0,0.6143690042610694,0.193059257766957,39,0.34030259615016245,0.5276308187380392,0.7141619421406931,0.5721014205631962,0.917648243713256,32,19,79,39,57
3,0.05,600,1.0,1.0,3,1.0,0.0,0.6143655699497967,0.2058415265389775,29,0.33637888570525476,0.46747838529391406,0.7215331272523002,0.613456882598846,0.9329805688986686,25,12,58,29,81
3,0.05,900,1.0,1.0,3,1.0,0.0,0.6143655699497967,0.2058415265389775,29,0.33637888570525476,0.46747838529391406,0.7215331272523002,0.613456882598846,0.9329805688986686,25,12,58,29,81
3,0.05,1200,1.0,1.0,3,1.0,0.0,0.6143655699497967,0.2058415265389775,29,0.33637888570525476,0.46747838529391406,0.7215331272523002,0.613456882598846,0.9329805688986686,25,12,58,29,81
3,0.02,600,1.0,1.0,3,1.0,0.0,0.6142586037131472,0.20764914884351027,73,0.32164017806580514,0.48311239811712003,0.7218453257497828,0.6123368759967897,0.932358240636239,65,32,148,73,197
3,0.02,900,1.0,1.0,3,1.0,0.0,0.6142586037131472,0.20764914884351027,73,0.32164017806580514,0.48311239811712003,0.7218453257497828,0.6123368759967897,0.932358240636239,65,32,148,73,197
3,0.02,1200,1.0,1.0,3,1.0,0.0,0.6142586037131472,0.20764914884351027,73,0.32164017806580514,0.48311239811712003,0.7218453257497828,0.6123368759967897,0.932358240636239,65,32,148,73,197
3,0.1,600,0.8,0.8,1,1.0,0.0,0.6142167041757063,0.17397412604270204,16,0.6025406140793876,0.32837371711368013,0.7769299737654556,0.5513688356946659,0.8118703802253419,16,6,31,16,18
3,0.1,900,0.8,0.8,1,1.0,0.0,0.6142167041757063,0.17397412604270204,16,0.6025406140793876,0.32837371711368013,0.7769299737654556,0.5513688356946659,0.8118703802253419,16,6,31,16,18
3,0.1,1200,0.8,0.8,1,1.0,0.0,0.6142167041757063,0.17397412604270204,16,0.6025406140793876,0.32837371711368013,0.7769299737654556,0.5513688356946659,0.8118703802253419,16,6,31,16,18
3,0.1,600,1.0,1.0,1,2.0,0.1,0.6140841601208032,0.19094719991643358,16,0.35766795388898054,0.5377174874798223,0.6975835201176691,0.5480957189614042,0.9293561201561403,15,9,36,16,28
3,0.1,900,1.0,1.0,1,2.0,0.1,0.6140841601208032,0.19094719991643358,16,0.35766795388898054,0.5377174874798223,0.6975835201176691,0.5480957189614042,0.9293561201561403,15,9,36,16,28
3,0.1,1200,1.0,1.0,1,2.0,0.1,0.6140841601208032,0.19094719991643358,16,0.35766795388898054,0.5377174874798223,0.6975835201176691,0.5480957189614042,0.9293561201561403,15,9,36,16,28
3,0.05,600,0.8,1.0,1,1.0,0.1,0.6129659784978817,0.17568769022899336,30,0.38166274603439376,0.5850108764450022,0.6005272648297111,0.5713549511180844,0.9262740540622173,26,19,80,30,50
3,0.05,900,0.8,1.0,1,1.0,0.1,0.6129659784978817,0.17568769022899336,30,0.38166274603439376,0.5850108764450022,0.6005272648297111,0.5713549511180844,0.9262740540622173,26,19,80,30,50
3,0.05,1200,0.8,1.0,1,1.0,0.1,0.6129659784978817,0.17568769022899336,30,0.38166274603439376,0.5850108764450022,0.6005272648297111,0.5713549511180844,0.9262740540622173,26,19,80,30,50
7,0.02,600,1.0,1.0,1,1.0,0.0,0.6126832436805497,0.15495372985293057,67,0.4023687997036506,0.7293164791910978,0.5821386449876987,0.5111367190040632,0.838455575516238,67,134,174,66,62
7,0.02,900,1.0,1.0,1,1.0,0.0,0.6126832436805497,0.15495372985293057,67,0.4023687997036506,0.7293164791910978,0.5821386449876987,0.5111367190040632,0.838455575516238,67,134,174,66,62
7,0.02,1200,1.0,1.0,1,1.0,0.0,0.6126832436805497,0.15495372985293057,67,0.4023687997036506,0.7293164791910978,0.5821386449876987,0.5111367190040632,0.838455575516238,67,134,174,66,62
5,0.05,600,1.0,0.8,1,1.0,0.1,0.6122137123600272,0.10808853722547922,31,0.6206171477480926,0.7197394368645074,0.44055380571224356,0.5513007701873096,0.7288574012879827,23,53,111,31,23
5,0.05,900,1.0,0.8,1,1.0,0.1,0.6122137123600272,0.10808853722547922,31,0.6206171477480926,0.7197394368645074,0.44055380571224356,0.5513007701873096,0.7288574012879827,23,53,111,31,23
5,0.05,1200,1.0,0.8,1,1.0,0.1,0.6122137123600272,0.10808853722547922,31,0.6206171477480926,0.7197394368645074,0.44055380571224356,0.5513007701873096,0.7288574012879827,23,53,111,31,23
3,0.05,600,0.8,1.0,3,2.0,0.1,0.6114777399174635,0.19168313602524362,56,0.3231992842322716,0.5028045407589696,0.71474811396625,0.6260144244898194,0.8906223361400072,36,19,79,56,65
3,0.05,900,0.8,1.0,3,2.0,0.1,0.6114777399174635,0.19168313602524362,56,0.3231992842322716,0.5028045407589696,0.71474811396625,0.6260144244898194,0.8906223361400072,36,19,79,56,65
3,0.05,1200,0.8,1.0,3,2.0,0.1,0.6114777399174635,0.19168313602524362,56,0.3231992842322716,0.5028045407589696,0.71474811396625,0.6260144244898194,0.8906223361400072,36,19,79,56,65
5,0.1,600,0.8,0.8,1,1.0,0.0,0.6110107703261289,0.12024279650376145,11,0.6685676327960991,0.4255148401834601,0.7817931579761722,0.5422302723367531,0.6369479483381602,11,7,32,16,11
5,0.1,900,0.8,0.8,1,1.0,0.0,0.6110107703261289,0.12024279650376145,11,0.6685676327960991,0.4255148401834601,0.7817931579761722,0.5422302723367531,0.6369479483381602,11,7,32,16,11
5,0.1,1200,0.8,0.8,1,1.0,0.0,0.6110107703261289,0.12024279650376145,11,0.6685676327960991,0.4255148401834601,0.7817931579761722,0.5422302723367531,0.6369479483381602,11,7,32,16,11
3,0.02,600,1.0,1.0,1,1.0,0.1,0.6105701844713594,0.1761430573168931,67,0.3928164180063263,0.6276407128974719,0.5922003925184685,0.5162656257523288,0.923927773182201,65,57,183,67,109
3,0.02,900,1.0,1.0,1,1.0,0.1,0.6105701844713594,0.1761430573168931,67,0.3928164180063263,0.6276407128974719,0.5922003925184685,0.5162656257523288,0.923927773182201,65,57,183,67,109
3,0.02,1200,1.0,1.0,1,1.0,0.1,0.6105701844713594,0.1761430573168931,67,0.3928164180063263,0.6276407128974719,0.5922003925184685,0.5162656257523288,0.923927773182201,65,57,183,67,109
3,0.02,600,0.8,0.8,1,1.0,0.1,0.6100543505200671,0.13604233736831445,87,0.5598248105749861,0.42177276784355955,0.6788064491015098,0.5618385723454402,0.8280291527348396,87,37,205,80,104
3,0.02,900,0.8,0.8,1,1.0,0.1,0.6100543505200671,0.13604233736831445,87,0.5598248105749861,0.42177276784355955,0.6788064491015098,0.5618385723454402,0.8280291527348396,87,37,205,80,104
3,0.02,1200,0.8,0.8,1,1.0,0.1,0.6100543505200671,0.13604233736831445,87,0.5598248105749861,0.42177276784355955,0.6788064491015098,0.5618385723454402,0.8280291527348396,87,37,205,80,104
3,0.05,600,1.0,1.0,1,1.0,0.0,0.6098020579158204,0.17501060178995295,26,0.4015756159320848,0.6134233654571672,0.599331862696125,0.5093326736087064,0.9253467718850189,25,21,68,26,43
3,0.05,900,1.0,1.0,1,1.0,0.0,0.6098020579158204,0.17501060178995295,26,0.4015756159320848,0.6134233654571672,0.599331862696125,0.5093326736087064,0.9253467718850189,25,21,68,26,43
3,0.05,1200,1.0,1.0,1,1.0,0.0,0.6098020579158204,0.17501060178995295,26,0.4015756159320848,0.6134233654571672,0.599331862696125,0.5093326736087064,0.9253467718850189,25,21,68,26,43
5,0.05,600,0.8,1.0,1,2.0,0.1,0.6095071790528694,0.17656724208847552,40,0.3607463439666816,0.5101724127149563,0.7249299863161405,0.5779587104275128,0.8737284418390557,35,18,72,40,42
5,0.05,900,0.8,1.0,1,2.0,0.1,0.6095071790528694,0.17656724208847552,40,0.3607463439666816,0.5101724127149563,0.7249299863161405,0.5779587104275128,0.8737284418390557,35,18,72,40,42
5,0.05,1200,0.8,1.0,1,2.0,0.1,0.6095071790528694,0.17656724208847552,40,0.3607463439666816,0.5101724127149563,0.7249299863161405,0.5779587104275128,0.8737284418390557,35,18,72,40,42
3,0.1,600,0.8,0.8,1,2.0,0.0,0.6090259382070448,0.1888678062088177,18,0.597996432441614,0.2869776550820897,0.8411528287204257,0.5713536159871805,0.747649158803914,18,6,31,21,18
3,0.1,900,0.8,0.8,1,2.0,0.0,0.6090259382070448,0.1888678062088177,18,0.597996432441614,0.2869776550820897,0.8411528287204257,0.5713536159871805,0.747649158803914,18,6,31,21,18
3,0.1,1200,0.8,0.8,1,2.0,0.0,0.6090259382070448,0.1888678062088177,18,0.597996432441614,0.2869776550820897,0.8411528287204257,0.5713536159871805,0.747649158803914,18,6,31,21,18
3,0.05,600,1.0,1.0,3,1.0,0.1,0.6086525413552604,0.21128287752390462,29,0.31656509442699277,0.46542106217126833,0.7166468907149051,0.6108551294580224,0.9337745300051132,26,12,62,29,67
3,0.05,900,1.0,1.0,3,1.0,0.1,0.6086525413552604,0.21128287752390462,29,0.31656509442699277,0.46542106217126833,0.7166468907149051,0.6108551294580224,0.9337745300051132,26,12,62,29,67
3,0.05,1200,1.0,1.0,3,1.0,0.1,0.6086525413552604,0.21128287752390462,29,0.31656509442699277,0.46542106217126833,0.7166468907149051,0.6108551294580224,0.9337745300051132,26,12,62,29,67
3,0.05,600,1.0,0.8,3,1.0,0.1,0.6080376083564909,0.1696258520226005,36,0.5423836385256915,0.37329307747183427,0.624049871187105,0.60232019500479,0.8981412595930341,31,12,96,36,78
3,0.05,900,1.0,0.8,3,1.0,0.1,0.6080376083564909,0.1696258520226005,36,0.5423836385256915,0.37329307747183427,0.624049871187105,0.60232019500479,0.8981412595930341,31,12,96,36,78
3,0.05,1200,1.0,0.8,3,1.0,0.1,0.6080376083564909,0.1696258520226005,36,0.5423836385256915,0.37329307747183427,0.624049871187105,0.60232019500479,0.8981412595930341,31,12,96,36,78
3,0.1,600,1.0,0.8,1,1.0,0.1,0.6080236130365404,0.1543536512904217,15,0.5421625344142011,0.5636082622209352,0.45373752762010366,0.5759668271172667,0.9046429138101956,15,12,65,15,39
3,0.1,900,1.0,0.8,1,1.0,0.1,0.6080236130365404,0.1543536512904217,15,0.5421625344142011,0.5636082622209352,0.45373752762010366,0.5759668271172667,0.9046429138101956,15,12,65,15,39
3,0.1,1200,1.0,0.8,1,1.0,0.1,0.6080236130365404,0.1543536512904217,15,0.5421625344142011,0.5636082622209352,0.45373752762010366,0.5759668271172667,0.9046429138101956,15,12,65,15,39
3,0.05,600,1.0,0.8,1,1.0,0.0,0.6079938776102389,0.15452786300806357,31,0.5305462867424877,0.6157730726014519,0.44772683751873255,0.5480116305661649,0.897911560622358,31,28,126,31,60
3,0.05,900,1.0,0.8,1,1.0,0.0,0.6079938776102389,0.15452786300806357,31,0.5305462867424877,0.6157730726014519,0.44772683751873255,0.5480116305661649,0.897911560622358,31,28,126,31,60
3,0.05,1200,1.0,0.8,1,1.0,0.0,0.6079938776102389,0.15452786300806357,31,0.5305462867424877,0.6157730726014519,0.44772683751873255,0.5480116305661649,0.897911560622358,31,28,126,31,60
5,0.1,600,1.0,1.0,1,2.0,0.1,0.6079071915080081,0.15435581598103987,17,0.385884592407856,0.6267476185228757,0.5998898575270961,0.5600261638076387,0.8669877252745741,15,12,46,17,17
5,0.1,900,1.0,1.0,1,2.0,0.1,0.6079071915080081,0.15435581598103987,17,0.385884592407856,0.6267476185228757,0.5998898575270961,0.5600261638076387,0.8669877252745741,15,12,46,17,17
5,0.1,1200,1.0,1.0,1,2.0,0.1,0.6079071915080081,0.15435581598103987,17,0.385884592407856,0.6267476185228757,0.5998898575270961,0.5600261638076387,0.8669877252745741,15,12,46,17,17
3,0.02,600,0.8,1.0,3,2.0,0.1,0.6074978108242369,0.19309644005337565,143,0.34656100136398094,0.4417958025166516,0.7836646564885619,0.613395748035864,0.8520718457161263,86,37,143,146,145
3,0.02,900,0.8,1.0,3,2.0,0.1,0.6074978108242369,0.19309644005337565,143,0.34656100136398094,0.4417958025166516,0.7836646564885619,0.613395748035864,0.8520718457161263,86,37,143,146,145
3,0.02,1200,0.8,1.0,3,2.0,0.1,0.6074978108242369,0.19309644005337565,143,0.34656100136398094,0.4417958025166516,0.7836646564885619,0.613395748035864,0.8520718457161263,86,37,143,146,145
5,0.02,600,1.0,1.0,1,1.0,0.0,0.6068381819020796,0.14692313046349853,66,0.40508570168362357,0.59763713572508,0.6717365135963475,0.5182095770910786,0.8415219814142689,67,47,142,66,63
5,0.02,900,1.0,1.0,1,1.0,0.0,0.6068381819020796,0.14692313046349853,66,0.40508570168362357,0.59763713572508,0.6717365135963475,0.5182095770910786,0.8415219814142689,67,47,142,66,63
5,0.02,1200,1.0,1.0,1,1.0,0.0,0.6068381819020796,0.14692313046349853,66,0.40508570168362357,0.59763713572508,0.6717365135963475,0.5182095770910786,0.8415219814142689,67,47,142,66,63
5,0.1,600,0.8,0.8,1,1.0,0.1,0.6064845403111885,0.11798302397992518,11,0.6721714708049311,0.4217716105366115,0.7677356441181754,0.5391500653893431,0.6315939107068813,11,7,33,16,11
5,0.1,900,0.8,0.8,1,1.0,0.1,0.6064845403111885,0.11798302397992518,11,0.6721714708049311,0.4217716105366115,0.7677356441181754,0.5391500653893431,0.6315939107068813,11,7,33,16,11
5,0.1,1200,0.8,0.8,1,1.0,0.1,0.6064845403111885,0.11798302397992518,11,0.6721714708049311,0.4217716105366115,0.7677356441181754,0.5391500653893431,0.6315939107068813,11,7,33,16,11
3,0.1,600,0.8,0.8,1,2.0,0.1,0.606235569735561,0.18934940749264334,18,0.5938898637349544,0.2850590119941595,0.8409098912094575,0.5662120761619663,0.7451070055772668,18,6,31,21,18
3,0.1,900,0.8,0.8,1,2.0,0.1,0.606235569735561,0.18934940749264334,18,0.5938898637349544,0.2850590119941595,0.8409098912094575,0.5662120761619663,0.7451070055772668,18,6,31,21,18
3,0.1,1200,0.8,0.8,1,2.0,0.1,0.606235569735561,0.18934940749264334,18,0.5938898637349544,0.2850590119941595,0.8409098912094575,0.5662120761619663,0.7451070055772668,18,6,31,21,18
3,0.05,600,0.8,1.0,1,1.0,0.0,0.6060349603781491,0.17000049726442248,30,0.38165514825008495,0.5877761631865943,0.5788465595693406,0.5726055939727288,0.9092913369119965,26,19,80,30,42
3,0.05,900,0.8,1.0,1,1.0,0.0,0.6060349603781491,0.17000049726442248,30,0.38165514825008495,0.5877761631865943,0.5788465595693406,0.5726055939727288,0.9092913369119965,26,19,80,30,42
3,0.05,1200,0.8,1.0,1,1.0,0.0,0.6060349603781491,0.17000049726442248,30,0.38165514825008495,0.5877761631865943,0.5788465595693406,0.5726055939727288,0.9092913369119965,26,19,80,30,42
3,0.1,600,1.0,1.0,1,1.0,0.0,0.6057527244272769,0.17078619493132038,13,0.4040142175544492,0.6045804439568678,0.590214976879706,0.5136830281007966,0.9162709556445651,12,10,34,13,19
3,0.1,900,1.0,1.0,1,1.0,0.0,0.6057527244272769,0.17078619493132038,13,0.4040142175544492,0.6045804439568678,0.590214976879706,0.5136830281007966,0.9162709556445651,12,10,34,13,19
3,0.1,1200,1.0,1.0,1,1.0,0.0,0.6057527244272769,0.17078619493132038,13,0.4040142175544492,0.6045804439568678,0.590214976879706,0.5136830281007966,0.9162709556445651,12,10,34,13,19
3,0.02,600,1.0,1.0,3,2.0,0.0,0.6053804365531693,0.22124402232265636,91,0.2913291179279228,0.4585340792920868,0.733157472389603,0.6095510210717381,0.934330492084496,91,35,174,88,214
3,0.02,900,1.0,1.0,3,2.0,0.0,0.6053804365531693,0.22124402232265636,91,0.2913291179279228,0.4585340792920868,0.733157472389603,0.6095510210717381,0.934330492084496,91,35,174,88,214
3,0.02,1200,1.0,1.0,3,2.0,0.0,0.6053804365531693,0.22124402232265636,91,0.2913291179279228,0.4585340792920868,0.733157472389603,0.6095510210717381,0.934330492084496,91,35,174,88,214
3,0.1,600,1.0,1.0,1,2.0,0.0,0.6051843627842355,0.18823715464384216,17,0.34933756996714427,0.5399318030675012,0.6553099980166828,0.5559759359561784,0.9253665069136708,15,9,39,17,26
3,0.1,900,1.0,1.0,1,2.0,0.0,0.6051843627842355,0.18823715464384216,17,0.34933756996714427,0.5399318030675012,0.6553099980166828,0.5559759359561784,0.9253665069136708,15,9,39,17,26
3,0.1,1200,1.0,1.0,1,2.0,0.0,0.6051843627842355,0.18823715464384216,17,0.34933756996714427,0.5399318030675012,0.6553099980166828,0.5559759359561784,0.9253665069136708,15,9,39,17,26
3,0.05,600,1.0,0.8,3,1.0,0.0,0.605059858163066,0.16939879211826903,35,0.5374638104560876,0.37516240233651477,0.6141743580353767,0.6002638086635605,0.8982349113237901,31,12,98,35,76
3,0.05,900,1.0,0.8,3,1.0,0.0,0.605059858163066,0.16939879211826903,35,0.5374638104560876,0.37516240233651477,0.6141743580353767,0.6002638086635605,0.8982349113237901,31,12,98,35,76
3,0.05,1200,1.0,0.8,3,1.0,0.0,0.605059858163066,0.16939879211826903,35,0.5374638104560876,0.37516240233651477,0.6141743580353767,0.6002638086635605,0.8982349113237901,31,12,98,35,76
3,0.1,600,0.8,0.8,3,2.0,0.0,0.605040689600075,0.16859010016725798,20,0.5693759442090638,0.34141451909172493,0.8395996572184978,0.5530581140286974,0.7217552134523906,20,7,31,25,19
3,0.1,900,0.8,0.8,3,2.0,0.0,0.605040689600075,0.16859010016725798,20,0.5693759442090638,0.34141451909172493,0.8395996572184978,0.5530581140286974,0.7217552134523906,20,7,31,25,19
3,0.1,1200,0.8,0.8,3,2.0,0.0,0.605040689600075,0.16859010016725798,20,0.5693759442090638,0.34141451909172493,0.8395996572184978,0.5530581140286974,0.7217552134523906,20,7,31,25,19
3,0.02,600,0.8,1.0,3,2.0,0.0,0.6049458883839691,0.18359873253793443,129,0.36337898181275063,0.4368943899488086,0.7798931895602642,0.6131833770813142,0.8313795035167076,79,36,143,142,129
3,0.02,900,0.8,1.0,3,2.0,0.0,0.6049458883839691,0.18359873253793443,129,0.36337898181275063,0.4368943899488086,0.7798931895602642,0.6131833770813142,0.8313795035167076,79,36,143,142,129
3,0.02,1200,0.8,1.0,3,2.0,0.0,0.6049458883839691,0.18359873253793443,129,0.36337898181275063,0.4368943899488086,0.7798931895602642,0.6131833770813142,0.8313795035167076,79,36,143,142,129
3,0.1,600,0.8,0.8,3,2.0,0.1,0.6041859324561556,0.16980334098749833,20,0.5706929703667716,0.33971427159681444,0.8426704939989581,0.5489112285577701,0.7189406977604641,20,7,31,25,19
3,0.1,900,0.8,0.8,3,2.0,0.1,0.6041859324561556,0.16980334098749833,20,0.5706929703667716,0.33971427159681444,0.8426704939989581,0.5489112285577701,0.7189406977604641,20,7,31,25,19
3,0.1,1200,0.8,0.8,3,2.0,0.1,0.6041859324561556,0.16980334098749833,20,0.5706929703667716,0.33971427159681444,0.8426704939989581,0.5489112285577701,0.7189406977604641,20,7,31,25,19
3,0.05,600,1.0,1.0,3,2.0,0.1,0.6037496612652167,0.227897712948525,35,0.2729604710297855,0.45959838466881586,0.7438050883621152,0.607185715808251,0.9351986464571158,31,14,66,35,87
3,0.05,900,1.0,1.0,3,2.0,0.1,0.6037496612652167,0.227897712948525,35,0.2729604710297855,0.45959838466881586,0.7438050883621152,0.607185715808251,0.9351986464571158,31,14,66,35,87
3,0.05,1200,1.0,1.0,3,2.0,0.1,0.6037496612652167,0.227897712948525,35,0.2729604710297855,0.45959838466881586,0.7438050883621152,0.607185715808251,0.9351986464571158,31,14,66,35,87
3,0.02,600,1.0,1.0,3,2.0,0.1,0.6037378690833595,0.22709829849943733,89,0.2759132648626563,0.4565195377452904,0.7431707644820404,0.6088047623386155,0.9342810159881954,77,35,164,89,240
3,0.02,900,1.0,1.0,3,2.0,0.1,0.6037378690833595,0.22709829849943733,89,0.2759132648626563,0.4565195377452904,0.7431707644820404,0.6088047623386155,0.9342810159881954,77,35,164,89,240
3,0.02,1200,1.0,1.0,3,2.0,0.1,0.6037378690833595,0.22709829849943733,89,0.2759132648626563,0.4565195377452904,0.7431707644820404,0.6088047623386155,0.9342810159881954,77,35,164,89,240
3,0.05,600,1.0,1.0,3,2.0,0.0,0.6030665642049231,0.22409429863155322,36,0.27748907898551334,0.46162711534319356,0.726853107591003,0.6152157789360233,0.9341477401688818,29,14,71,36,90
3,0.05,900,1.0,1.0,3,2.0,0.0,0.6030665642049231,0.22409429863155322,36,0.27748907898551334,0.46162711534319356,0.726853107591003,0.6152157789360233,0.9341477401688818,29,14,71,36,90
3,0.05,1200,1.0,1.0,3,2.0,0.0,0.6030665642049231,0.22409429863155322,36,0.27748907898551334,0.46162711534319356,0.726853107591003,0.6152157789360233,0.9341477401688818,29,14,71,36,90
3,0.05,600,0.8,1.0,3,1.0,0.1,0.6024319165243599,0.20058389501132062,48,0.3263070329361195,0.4451755325147757,0.7190097785232393,0.6258847841428667,0.8957824545047979,29,14,61,48,55
3,0.05,900,0.8,1.0,3,1.0,0.1,0.6024319165243599,0.20058389501132062,48,0.3263070329361195,0.4451755325147757,0.7190097785232393,0.6258847841428667,0.8957824545047979,29,14,61,48,55
3,0.05,1200,0.8,1.0,3,1.0,0.1,0.6024319165243599,0.20058389501132062,48,0.3263070329361195,0.4451755325147757,0.7190097785232393,0.6258847841428667,0.8957824545047979,29,14,61,48,55
3,0.05,600,1.0,1.0,1,1.0,0.1,0.6022962531244216,0.1787570241497883,26,0.3891371206531683,0.6243381372690082,0.5542617426787791,0.5182258559104354,0.9255184091107174,26,22,79,26,44
3,0.05,900,1.0,1.0,1,1.0,0.1,0.6022962531244216,0.1787570241497883,26,0.3891371206531683,0.6243381372690082,0.5542617426787791,0.5182258559104354,0.9255184091107174,26,22,79,26,44
3,0.05,1200,1.0,1.0,1,1.0,0.1,0.6022962531244216,0.1787570241497883,26,0.3891371206531683,0.6243381372690082,0.5542617426787791,0.5182258559104354,0.9255184091107174,26,22,79,26,44
3,0.1,600,1.0,1.0,3,2.0,0.0,0.6021833751578077,0.22955531419246494,17,0.26212759703815536,0.46691697825810907,0.7392590835652202,0.6076786843736435,0.9349345325539102,15,7,33,17,40
3,0.1,900,1.0,1.0,3,2.0,0.0,0.6021833751578077,0.22955531419246494,17,0.26212759703815536,0.46691697825810907,0.7392590835652202,0.6076786843736435,0.9349345325539102,15,7,33,17,40
3,0.1,1200,1.0,1.0,3,2.0,0.0,0.6021833751578077,0.22955531419246494,17,0.26212759703815536,0.46691697825810907,0.7392590835652202,0.6076786843736435,0.9349345325539102,15,7,33,17,40
5,0.02,600,1.0,1.0,1,2.0,0.1,0.6014819090111676,0.15147487046014788,83,0.38233663954787656,0.632737423300458,0.5814419393653676,0.5576248515516813,0.8532686912904547,83,63,245,87,82
5,0.02,900,1.0,1.0,1,2.0,0.1,0.6014819090111676,0.15147487046014788,83,0.38233663954787656,0.632737423300458,0.5814419393653676,0.5576248515516813,0.8532686912904547,83,63,245,87,82
5,0.02,1200,1.0,1.0,1,2.0,0.1,0.6014819090111676,0.15147487046014788,83,0.38233663954787656,0.632737423300458,0.5814419393653676,0.5576248515516813,0.8532686912904547,83,63,245,87,82
5,0.02,600,0.8,1.0,3,1.0,0.0,0.6010058654861892,0.15970280676333243,113,0.4108052893481047,0.450156766273198,0.6822572607395077,0.61206927828456,0.8497407327855753,71,32,132,113,114
5,0.02,900,0.8,1.0,3,1.0,0.0,0.6010058654861892,0.15970280676333243,113,0.4108052893481047,0.450156766273198,0.6822572607395077,0.61206927828456,0.8497407327855753,71,32,132,113,114
5,0.02,1200,0.8,1.0,3,1.0,0.0,0.6010058654861892,0.15970280676333243,113,0.4108052893481047,0.450156766273198,0.6822572607395077,0.61206927828456,0.8497407327855753,71,32,132,113,114
7,0.02,600,0.8,1.0,3,1.0,0.0,0.6009729945790443,0.1594466630890601,113,0.41128909649602585,0.450156766273198,0.680993802824901,0.6127588470498997,0.8496664602511971,71,32,132,113,114
7,0.02,900,0.8,1.0,3,1.0,0.0,0.6009729945790443,0.1594466630890601,113,0.41128909649602585,0.450156766273198,0.680993802824901,0.6127588470498997,0.8496664602511971,71,32,132,113,114
7,0.02,1200,0.8,1.0,3,1.0,0.0,0.6009729945790443,0.1594466630890601,113,0.41128909649602585,0.450156766273198,0.680993802824901,0.6127588470498997,0.8496664602511971,71,32,132,113,114
3,0.1,600,1.0,1.0,3,2.0,0.1,0.600564555448977,0.22408431905711437,17,0.27511361141099056,0.464873520387482,0.7234586621929481,0.604719156269728,0.9346578269837362,15,7,36,17,44
3,0.1,900,1.0,1.0,3,2.0,0.1,0.600564555448977,0.22408431905711437,17,0.27511361141099056,0.464873520387482,0.7234586621929481,0.604719156269728,0.9346578269837362,15,7,36,17,44
3,0.1,1200,1.0,1.0,3,2.0,0.1,0.600564555448977,0.22408431905711437,17,0.27511361141099056,0.464873520387482,0.7234586621929481,0.604719156269728,0.9346578269837362,15,7,36,17,44
5,0.05,600,1.0,1.0,1,2.0,0.1,0.599144020958819,0.1576110371320837,34,0.3799460278561848,0.6444429371812788,0.5450641501394038,0.5628094940416828,0.8634574955755451,32,26,106,35,34
5,0.05,900,1.0,1.0,1,2.0,0.1,0.599144020958819,0.1576110371320837,34,0.3799460278561848,0.6444429371812788,0.5450641501394038,0.5628094940416828,0.8634574955755451,32,26,106,35,34
5,0.05,1200,1.0,1.0,1,2.0,0.1,0.599144020958819,0.1576110371320837,34,0.3799460278561848,0.6444429371812788,0.5450641501394038,0.5628094940416828,0.8634574955755451,32,26,106,35,34
5,0.02,600,0.8,1.0,3,1.0,0.1,0.5989619261738464,0.16061063531502046,113,0.40783163586956506,0.447468079018691,0.685220974117843,0.6063232096186882,0.8479657322444445,72,32,132,113,114
5,0.02,900,0.8,1.0,3,1.0,0.1,0.5989619261738464,0.16061063531502046,113,0.40783163586956506,0.447468079018691,0.685220974117843,0.6063232096186882,0.8479657322444445,72,32,132,113,114
5,0.02,1200,0.8,1.0,3,1.0,0.1,0.5989619261738464,0.16061063531502046,113,0.40783163586956506,0.447468079018691,0.685220974117843,0.6063232096186882,0.8479657322444445,72,32,132,113,114
7,0.02,600,0.8,1.0,3,1.0,0.1,0.59865242499351,0.16059764222549183,113,0.40783163586956506,0.447468079018691,0.685220974117843,0.6047757037170067,0.8479657322444445,72,32,132,113,114
7,0.02,900,0.8,1.0,3,1.0,0.1,0.59865242499351,0.16059764222549183,113,0.40783163586956506,0.447468079018691,0.685220974117843,0.6047757037170067,0.8479657322444445,72,32,132,113,114
7,0.02,1200,0.8,1.0,3,1.0,0.1,0.59865242499351,0.16059764222549183,113,0.40783163586956506,0.447468079018691,0.685220974117843,0.6047757037170067,0.8479657322444445,72,32,132,113,114
3,0.05,600,0.8,0.8,1,2.0,0.0,0.5985220535307658,0.11310612175015208,44,0.5774085880265758,0.45143853779573306,0.5918925648507521,0.5706974096313525,0.8011731673494155,44,18,123,42,46
3,0.05,900,0.8,0.8,1,2.0,0.0,0.5985220535307658,0.11310612175015208,44,0.5774085880265758,0.45143853779573306,0.5918925648507521,0.5706974096313525,0.8011731673494155,44,18,123,42,46
3,0.05,1200,0.8,0.8,1,2.0,0.0,0.5985220535307658,0.11310612175015208,44,0.5774085880265758,0.45143853779573306,0.5918925648507521,0.5706974096313525,0.8011731673494155,44,18,123,42,46
3,0.05,600,0.8,1.0,3,2.0,0.0,0.5982126383137143,0.19397258349188715,55,0.3239336844634687,0.4460946140743006,0.7129069233774297,0.6356918714240611,0.8724360982293115,36,16,79,60,55
3,0.05,900,0.8,1.0,3,2.0,0.0,0.5982126383137143,0.19397258349188715,55,0.3239336844634687,0.4460946140743006,0.7129069233774297,0.6356918714240611,0.8724360982293115,36,16,79,60,55
3,0.05,1200,0.8,1.0,3,2.0,0.0,0.5982126383137143,0.19397258349188715,55,0.3239336844634687,0.4460946140743006,0.7129069233774297,0.6356918714240611,0.8724360982293115,36,16,79,60,55
7,0.02,600,1.0,1.0,3,1.0,0.0,0.5974254267770612,0.1886646741241287,75,0.3550993888380489,0.44573546720546586,0.6535811032290465,0.632169549390595,0.9005416252221496,67,28,175,75,90
7,0.02,900,1.0,1.0,3,1.0,0.0,0.5974254267770612,0.1886646741241287,75,0.3550993888380489,0.44573546720546586,0.6535811032290465,0.632169549390595,0.9005416252221496,67,28,175,75,90
7,0.02,1200,1.0,1.0,3,1.0,0.0,0.5974254267770612,0.1886646741241287,75,0.3550993888380489,0.44573546720546586,0.6535811032290465,0.632169549390595,0.9005416252221496,67,28,175,75,90
3,0.05,600,0.8,0.8,1,2.0,0.1,0.597200319176524,0.1479883502283436,44,0.5771403484072257,0.3827143645912875,0.6059488684264009,0.5731184114623769,0.8470796029953291,44,15,123,43,57
3,0.05,900,0.8,0.8,1,2.0,0.1,0.597200319176524,0.1479883502283436,44,0.5771403484072257,0.3827143645912875,0.6059488684264009,0.5731184114623769,0.8470796029953291,44,15,123,43,57
3,0.05,1200,0.8,0.8,1,2.0,0.1,0.597200319176524,0.1479883502283436,44,0.5771403484072257,0.3827143645912875,0.6059488684264009,0.5731184114623769,0.8470796029953291,44,15,123,43,57
5,0.02,600,1.0,1.0,3,1.0,0.0,0.5970981554154764,0.1885987106526213,75,0.3550993888380489,0.44573546720546586,0.6532986004851475,0.6308156953265699,0.9005416252221496,67,28,176,75,90
5,0.02,900,1.0,1.0,3,1.0,0.0,0.5970981554154764,0.1885987106526213,75,0.3550993888380489,0.44573546720546586,0.6532986004851475,0.6308156953265699,0.9005416252221496,67,28,176,75,90
5,0.02,1200,1.0,1.0,3,1.0,0.0,0.5970981554154764,0.1885987106526213,75,0.3550993888380489,0.44573546720546586,0.6532986004851475,0.6308156953265699,0.9005416252221496,67,28,176,75,90
5,0.1,600,1.0,1.0,3,1.0,0.0,0.5966831147038952,0.19414846950005404,15,0.35649630049112513,0.4224965294161247,0.6644679444292854,0.6362222738207524,0.9037325253621886,13,5,31,15,18
5,0.1,900,1.0,1.0,3,1.0,0.0,0.5966831147038952,0.19414846950005404,15,0.35649630049112513,0.4224965294161247,0.6644679444292854,0.6362222738207524,0.9037325253621886,13,5,31,15,18
5,0.1,1200,1.0,1.0,3,1.0,0.0,0.5966831147038952,0.19414846950005404,15,0.35649630049112513,0.4224965294161247,0.6644679444292854,0.6362222738207524,0.9037325253621886,13,5,31,15,18
7,0.1,600,1.0,1.0,3,1.0,0.0,0.5965855354939109,0.19409714094798639,15,0.35649630049112513,0.4224965294161247,0.6633593673580612,0.636842954842055,0.9037325253621886,13,5,31,15,18
7,0.1,900,1.0,1.0,3,1.0,0.0,0.5965855354939109,0.19409714094798639,15,0.35649630049112513,0.4224965294161247,0.6633593673580612,0.636842954842055,0.9037325253621886,13,5,31,15,18
7,0.1,1200,1.0,1.0,3,1.0,0.0,0.5965855354939109,0.19409714094798639,15,0.35649630049112513,0.4224965294161247,0.6633593673580612,0.636842954842055,0.9037325253621886,13,5,31,15,18
5,0.05,600,1.0,1.0,3,1.0,0.0,0.5964282593522932,0.18751633259970626,29,0.35740087083119587,0.44416843878963685,0.6558786581065099,0.6265112028725512,0.898182126161572,26,11,69,29,35
5,0.05,900,1.0,1.0,3,1.0,0.0,0.5964282593522932,0.18751633259970626,29,0.35740087083119587,0.44416843878963685,0.6558786581065099,0.6265112028725512,0.898182126161572,26,11,69,29,35
5,0.05,1200,1.0,1.0,3,1.0,0.0,0.5964282593522932,0.18751633259970626,29,0.35740087083119587,0.44416843878963685,0.6558786581065099,0.6265112028725512,0.898182126161572,26,11,69,29,35
7,0.05,600,1.0,1.0,3,1.0,0.0,0.5962194365546445,0.18739631590850828,29,0.35740087083119587,0.44416843878963685,0.652908084946892,0.6284376620439256,0.898182126161572,26,11,70,29,35
7,0.05,900,1.0,1.0,3,1.0,0.0,0.5962194365546445,0.18739631590850828,29,0.35740087083119587,0.44416843878963685,0.652908084946892,0.6284376620439256,0.898182126161572,26,11,70,29,35
7,0.05,1200,1.0,1.0,3,1.0,0.0,0.5962194365546445,0.18739631590850828,29,0.35740087083119587,0.44416843878963685,0.652908084946892,0.6284376620439256,0.898182126161572,26,11,70,29,35
5,0.05,600,1.0,1.0,3,1.0,0.1,0.595698517640177,0.1951896161955261,29,0.3453705269241254,0.4413292414761213,0.6544320811308213,0.6260166362391278,0.9113441024306889,27,11,68,29,39
5,0.05,900,1.0,1.0,3,1.0,0.1,0.595698517640177,0.1951896161955261,29,0.3453705269241254,0.4413292414761213,0.6544320811308213,0.6260166362391278,0.9113441024306889,27,11,68,29,39
5,0.05,1200,1.0,1.0,3,1.0,0.1,0.595698517640177,0.1951896161955261,29,0.3453705269241254,0.4413292414761213,0.6544320811308213,0.6260166362391278,0.9113441024306889,27,11,68,29,39
7,0.05,600,1.0,1.0,3,1.0,0.1,0.5945999026928682,0.19484324568541292,29,0.3453705269241254,0.4413292414761213,0.6476845527146116,0.6272710899187937,0.9113441024306889,27,11,71,29,39
7,0.05,900,1.0,1.0,3,1.0,0.1,0.5945999026928682,0.19484324568541292,29,0.3453705269241254,0.4413292414761213,0.6476845527146116,0.6272710899187937,0.9113441024306889,27,11,71,29,39
7,0.05,1200,1.0,1.0,3,1.0,0.1,0.5945999026928682,0.19484324568541292,29,0.3453705269241254,0.4413292414761213,0.6476845527146116,0.6272710899187937,0.9113441024306889,27,11,71,29,39
3,0.02,600,1.0,1.0,1,1.0,0.0,0.5924411193082302,0.17732467877853234,66,0.39566517484893804,0.6050868467637103,0.5290640287507978,0.5116306846920979,0.920758861485607,63,51,198,66,103
3,0.02,900,1.0,1.0,1,1.0,0.0,0.5924411193082302,0.17732467877853234,66,0.39566517484893804,0.6050868467637103,0.5290640287507978,0.5116306846920979,0.920758861485607,63,51,198,66,103
3,0.02,1200,1.0,1.0,1,1.0,0.0,0.5924411193082302,0.17732467877853234,66,0.39566517484893804,0.6050868467637103,0.5290640287507978,0.5116306846920979,0.920758861485607,63,51,198,66,103
7,0.02,600,1.0,1.0,3,1.0,0.1,0.5917223998948689,0.1966667349568729,76,0.33759365297469035,0.4323241113011883,0.6503383537763455,0.6331944476080351,0.905161433814085,67,27,178,76,93
7,0.02,900,1.0,1.0,3,1.0,0.1,0.5917223998948689,0.1966667349568729,76,0.33759365297469035,0.4323241113011883,0.6503383537763455,0.6331944476080351,0.905161433814085,67,27,178,76,93
7,0.02,1200,1.0,1.0,3,1.0,0.1,0.5917223998948689,0.1966667349568729,76,0.33759365297469035,0.4323241113011883,0.6503383537763455,0.6331944476080351,0.905161433814085,67,27,178,76,93
5,0.1,600,1.0,1.0,3,1.0,0.1,0.5916301887094303,0.19538053524403629,15,0.34504774188159504,0.4196078986301337,0.6612838583350735,0.634313956631031,0.8978974880693185,13,5,32,15,17
5,0.1,900,1.0,1.0,3,1.0,0.1,0.5916301887094303,0.19538053524403629,15,0.34504774188159504,0.4196078986301337,0.6612838583350735,0.634313956631031,0.8978974880693185,13,5,32,15,17
5,0.1,1200,1.0,1.0,3,1.0,0.1,0.5916301887094303,0.19538053524403629,15,0.34504774188159504,0.4196078986301337,0.6612838583350735,0.634313956631031,0.8978974880693185,13,5,32,15,17
5,0.02,600,1.0,1.0,3,1.0,0.1,0.5915618850098013,0.19663322444478834,76,0.33759365297469035,0.4323241113011883,0.6503426737492315,0.6323875532098114,0.905161433814085,67,27,178,76,93
5,0.02,900,1.0,1.0,3,1.0,0.1,0.5915618850098013,0.19663322444478834,76,0.33759365297469035,0.4323241113011883,0.6503426737492315,0.6323875532098114,0.905161433814085,67,27,178,76,93
5,0.02,1200,1.0,1.0,3,1.0,0.1,0.5915618850098013,0.19663322444478834,76,0.33759365297469035,0.4323241113011883,0.6503426737492315,0.6323875532098114,0.905161433814085,67,27,178,76,93
7,0.1,600,1.0,1.0,3,1.0,0.1,0.5909220286781875,0.19510505709907275,15,0.34504774188159504,0.4196078986301337,0.6565127766352394,0.6355442381746513,0.8978974880693185,13,5,33,15,17
7,0.1,900,1.0,1.0,3,1.0,0.1,0.5909220286781875,0.19510505709907275,15,0.34504774188159504,0.4196078986301337,0.6565127766352394,0.6355442381746513,0.8978974880693185,13,5,33,15,17
7,0.1,1200,1.0,1.0,3,1.0,0.1,0.5909220286781875,0.19510505709907275,15,0.34504774188159504,0.4196078986301337,0.6565127766352394,0.6355442381746513,0.8978974880693185,13,5,33,15,17
3,0.02,600,0.8,0.8,1,1.0,0.0,0.5902528007715139,0.13157438216508002,87,0.5581274675370581,0.4245459624308905,0.5756989010579789,0.563587717983479,0.8293039548481632,87,37,256,80,104
3,0.02,900,0.8,0.8,1,1.0,0.0,0.5902528007715139,0.13157438216508002,87,0.5581274675370581,0.4245459624308905,0.5756989010579789,0.563587717983479,0.8293039548481632,87,37,256,80,104
3,0.02,1200,0.8,0.8,1,1.0,0.0,0.5902528007715139,0.13157438216508002,87,0.5581274675370581,0.4245459624308905,0.5756989010579789,0.563587717983479,0.8293039548481632,87,37,256,80,104
3,0.05,600,1.0,0.8,1,1.0,0.1,0.589239477928575,0.16283153326133096,31,0.5346025807991179,0.4294249474530595,0.5282042783346119,0.5503858918243144,0.9035796912317717,31,15,110,31,69
3,0.05,900,1.0,0.8,1,1.0,0.1,0.589239477928575,0.16283153326133096,31,0.5346025807991179,0.4294249474530595,0.5282042783346119,0.5503858918243144,0.9035796912317717,31,15,110,31,69
3,0.05,1200,1.0,0.8,1,1.0,0.1,0.589239477928575,0.16283153326133096,31,0.5346025807991179,0.4294249474530595,0.5282042783346119,0.5503858918243144,0.9035796912317717,31,15,110,31,69
5,0.05,600,0.8,1.0,3,1.0,0.0,0.5862159593782379,0.16905689461455217,42,0.38601058717317127,0.4280979282343833,0.6152360694247614,0.6442018454171723,0.8575333666417014,29,13,79,50,42
5,0.05,900,0.8,1.0,3,1.0,0.0,0.5862159593782379,0.16905689461455217,42,0.38601058717317127,0.4280979282343833,0.6152360694247614,0.6442018454171723,0.8575333666417014,29,13,79,50,42
5,0.05,1200,0.8,1.0,3,1.0,0.0,0.5862159593782379,0.16905689461455217,42,0.38601058717317127,0.4280979282343833,0.6152360694247614,0.6442018454171723,0.8575333666417014,29,13,79,50,42
7,0.05,600,0.8,1.0,3,1.0,0.0,0.5857977470409224,0.1689168641454662,42,0.38601058717317127,0.4280979282343833,0.615191992812024,0.6421548603433318,0.8575333666417014,29,13,79,48,42
7,0.05,900,0.8,1.0,3,1.0,0.0,0.5857977470409224,0.1689168641454662,42,0.38601058717317127,0.4280979282343833,0.615191992812024,0.6421548603433318,0.8575333666417014,29,13,79,48,42
7,0.05,1200,0.8,1.0,3,1.0,0.0,0.5857977470409224,0.1689168641454662,42,0.38601058717317127,0.4280979282343833,0.615191992812024,0.6421548603433318,0.8575333666417014,29,13,79,48,42
5,0.05,600,0.8,1.0,3,2.0,0.0,0.5854418738273505,0.1792110764449876,50,0.3337629853686076,0.4467067245487125,0.6561872032043122,0.6406473556046772,0.8499051004104429,31,16,80,60,50
5,0.05,900,0.8,1.0,3,2.0,0.0,0.5854418738273505,0.1792110764449876,50,0.3337629853686076,0.4467067245487125,0.6561872032043122,0.6406473556046772,0.8499051004104429,31,16,80,60,50
5,0.05,1200,0.8,1.0,3,2.0,0.0,0.5854418738273505,0.1792110764449876,50,0.3337629853686076,0.4467067245487125,0.6561872032043122,0.6406473556046772,0.8499051004104429,31,16,80,60,50
3,0.05,600,0.8,0.8,1,1.0,0.1,0.5850668098678546,0.14363974658676076,35,0.6206090633447394,0.42968875370646564,0.49616322460579954,0.5344100893721192,0.8444629183101495,35,15,122,32,47
3,0.05,900,0.8,0.8,1,1.0,0.1,0.5850668098678546,0.14363974658676076,35,0.6206090633447394,0.42968875370646564,0.49616322460579954,0.5344100893721192,0.8444629183101495,35,15,122,32,47
3,0.05,1200,0.8,0.8,1,1.0,0.1,0.5850668098678546,0.14363974658676076,35,0.6206090633447394,0.42968875370646564,0.49616322460579954,0.5344100893721192,0.8444629183101495,35,15,122,32,47
7,0.05,600,0.8,1.0,3,2.0,0.0,0.58407012932855,0.17883494049230056,50,0.3337629853686076,0.4467067245487125,0.6571764901124897,0.6327993462024972,0.8499051004104429,31,16,80,56,50
7,0.05,900,0.8,1.0,3,2.0,0.0,0.58407012932855,0.17883494049230056,50,0.3337629853686076,0.4467067245487125,0.6571764901124897,0.6327993462024972,0.8499051004104429,31,16,80,56,50
7,0.05,1200,0.8,1.0,3,2.0,0.0,0.58407012932855,0.17883494049230056,50,0.3337629853686076,0.4467067245487125,0.6571764901124897,0.6327993462024972,0.8499051004104429,31,16,80,56,50
7,0.05,600,0.8,1.0,3,2.0,0.1,0.5836503711829236,0.18103880741782044,50,0.32565929647504854,0.44462520118867677,0.665578494788102,0.6371863143322869,0.8452025491305035,34,16,80,60,50
7,0.05,900,0.8,1.0,3,2.0,0.1,0.5836503711829236,0.18103880741782044,50,0.32565929647504854,0.44462520118867677,0.665578494788102,0.6371863143322869,0.8452025491305035,34,16,80,60,50
7,0.05,1200,0.8,1.0,3,2.0,0.1,0.5836503711829236,0.18103880741782044,50,0.32565929647504854,0.44462520118867677,0.665578494788102,0.6371863143322869,0.8452025491305035,34,16,80,60,50
5,0.05,600,0.8,1.0,3,2.0,0.1,0.5836034889362625,0.18105686711000668,50,0.32565929647504854,0.44462520118867677,0.6665539603715676,0.6359764375155157,0.8452025491305035,34,16,80,60,50
5,0.05,900,0.8,1.0,3,2.0,0.1,0.5836034889362625,0.18105686711000668,50,0.32565929647504854,0.44462520118867677,0.6665539603715676,0.6359764375155157,0.8452025491305035,34,16,80,60,50
5,0.05,1200,0.8,1.0,3,2.0,0.1,0.5836034889362625,0.18105686711000668,50,0.32565929647504854,0.44462520118867677,0.6665539603715676,0.6359764375155157,0.8452025491305035,34,16,80,60,50
3,0.05,600,1.0,0.8,1,2.0,0.0,0.5824485177323154,0.1733728147149119,37,0.49589599226772474,0.5427460293177768,0.39381290513449774,0.5724698340369938,0.9073178279045837,36,24,194,37,92
3,0.05,900,1.0,0.8,1,2.0,0.0,0.5824485177323154,0.1733728147149119,37,0.49589599226772474,0.5427460293177768,0.39381290513449774,0.5724698340369938,0.9073178279045837,36,24,194,37,92
3,0.05,1200,1.0,0.8,1,2.0,0.0,0.5824485177323154,0.1733728147149119,37,0.49589599226772474,0.5427460293177768,0.39381290513449774,0.5724698340369938,0.9073178279045837,36,24,194,37,92
3,0.1,600,1.0,0.8,1,1.0,0.0,0.5820839222077829,0.1773146358583254,15,0.5188586036062883,0.565567719579193,0.3505509680551009,0.5782238774532773,0.8972184423450551,14,12,80,15,33
3,0.1,900,1.0,0.8,1,1.0,0.0,0.5820839222077829,0.1773146358583254,15,0.5188586036062883,0.565567719579193,0.3505509680551009,0.5782238774532773,0.8972184423450551,14,12,80,15,33
3,0.1,1200,1.0,0.8,1,1.0,0.0,0.5820839222077829,0.1773146358583254,15,0.5188586036062883,0.565567719579193,0.3505509680551009,0.5782238774532773,0.8972184423450551,14,12,80,15,33
5,0.05,600,0.8,1.0,3,1.0,0.1,0.581493254460568,0.17085502591170781,42,0.3755771050169596,0.4256615024558307,0.61390753924521,0.6366356306519015,0.8556844949329377,29,13,79,48,42
5,0.05,900,0.8,1.0,3,1.0,0.1,0.581493254460568,0.17085502591170781,42,0.3755771050169596,0.4256615024558307,0.61390753924521,0.6366356306519015,0.8556844949329377,29,13,79,48,42
5,0.05,1200,0.8,1.0,3,1.0,0.1,0.581493254460568,0.17085502591170781,42,0.3755771050169596,0.4256615024558307,0.61390753924521,0.6366356306519015,0.8556844949329377,29,13,79,48,42
7,0.05,600,0.8,1.0,3,1.0,0.1,0.58043528088102,0.17049767362217805,42,0.3755771050169596,0.4256615024558307,0.6154455791669153,0.6298077228324571,0.8556844949329377,29,13,79,48,42
7,0.05,900,0.8,1.0,3,1.0,0.1,0.58043528088102,0.17049767362217805,42,0.3755771050169596,0.4256615024558307,0.6154455791669153,0.6298077228324571,0.8556844949329377,29,13,79,48,42
7,0.05,1200,0.8,1.0,3,1.0,0.1,0.58043528088102,0.17049767362217805,42,0.3755771050169596,0.4256615024558307,0.6154455791669153,0.6298077228324571,0.8556844949329377,29,13,79,48,42
5,0.05,600,1.0,1.0,3,2.0,0.0,0.5793736216239582,0.2000139757992069,36,0.30788861323243344,0.4184822672816445,0.6602163467395656,0.6284235917133638,0.8818572891527839,33,12,81,36,38
5,0.05,900,1.0,1.0,3,2.0,0.0,0.5793736216239582,0.2000139757992069,36,0.30788861323243344,0.4184822672816445,0.6602163467395656,0.6284235917133638,0.8818572891527839,33,12,81,36,38
5,0.05,1200,1.0,1.0,3,2.0,0.0,0.5793736216239582,0.2000139757992069,36,0.30788861323243344,0.4184822672816445,0.6602163467395656,0.6284235917133638,0.8818572891527839,33,12,81,36,38
7,0.05,600,1.0,1.0,3,2.0,0.0,0.5792898184949268,0.19992091478808136,36,0.30788861323243344,0.4184822672816445,0.6580975040861085,0.6301583859323832,0.8818223219420644,33,12,82,36,38
7,0.05,900,1.0,1.0,3,2.0,0.0,0.5792898184949268,0.19992091478808136,36,0.30788861323243344,0.4184822672816445,0.6580975040861085,0.6301583859323832,0.8818223219420644,33,12,82,36,38
7,0.05,1200,1.0,1.0,3,2.0,0.0,0.5792898184949268,0.19992091478808136,36,0.30788861323243344,0.4184822672816445,0.6580975040861085,0.6301583859323832,0.8818223219420644,33,12,82,36,38
3,0.02,600,0.8,1.0,1,1.0,0.0,0.5786411252238599,0.18039939621862924,74,0.3814752831809226,0.5283551057426477,0.525061772058167,0.5379291004624487,0.9203843646751133,67,39,214,74,122
3,0.02,900,0.8,1.0,1,1.0,0.0,0.5786411252238599,0.18039939621862924,74,0.3814752831809226,0.5283551057426477,0.525061772058167,0.5379291004624487,0.9203843646751133,67,39,214,74,122
3,0.02,1200,0.8,1.0,1,1.0,0.0,0.5786411252238599,0.18039939621862924,74,0.3814752831809226,0.5283551057426477,0.525061772058167,0.5379291004624487,0.9203843646751133,67,39,214,74,122
5,0.1,600,1.0,1.0,3,2.0,0.1,0.5768449724514708,0.19959755890556402,18,0.299120622926062,0.42134415413466053,0.6602534633875524,0.629807054898604,0.8736995669104753,17,6,40,18,18
5,0.1,900,1.0,1.0,3,2.0,0.1,0.5768449724514708,0.19959755890556402,18,0.299120622926062,0.42134415413466053,0.6602534633875524,0.629807054898604,0.8736995669104753,17,6,40,18,18
5,0.1,1200,1.0,1.0,3,2.0,0.1,0.5768449724514708,0.19959755890556402,18,0.299120622926062,0.42134415413466053,0.6602534633875524,0.629807054898604,0.8736995669104753,17,6,40,18,18
7,0.1,600,1.0,1.0,3,2.0,0.1,0.5757946686898426,0.19914831543077904,18,0.299120622926062,0.42134415413466053,0.6541454767061101,0.6306635227719053,0.8736995669104753,17,6,41,18,18
7,0.1,900,1.0,1.0,3,2.0,0.1,0.5757946686898426,0.19914831543077904,18,0.299120622926062,0.42134415413466053,0.6541454767061101,0.6306635227719053,0.8736995669104753,17,6,41,18,18
7,0.1,1200,1.0,1.0,3,2.0,0.1,0.5757946686898426,0.19914831543077904,18,0.299120622926062,0.42134415413466053,0.6541454767061101,0.6306635227719053,0.8736995669104753,17,6,41,18,18
7,0.02,600,1.0,1.0,3,2.0,0.0,0.5741312040328042,0.19989694690906173,90,0.3049836847260785,0.4058942584758356,0.65911377069797,0.6284012211366217,0.8722630851275147,83,29,205,90,91
7,0.02,900,1.0,1.0,3,2.0,0.0,0.5741312040328042,0.19989694690906173,90,0.3049836847260785,0.4058942584758356,0.65911377069797,0.6284012211366217,0.8722630851275147,83,29,205,90,91
7,0.02,1200,1.0,1.0,3,2.0,0.0,0.5741312040328042,0.19989694690906173,90,0.3049836847260785,0.4058942584758356,0.65911377069797,0.6284012211366217,0.8722630851275147,83,29,205,90,91
5,0.02,600,1.0,1.0,3,2.0,0.0,0.5740651223049456,0.19989266298440506,90,0.3049836847260785,0.4058942584758356,0.6595460452813907,0.6276385379139082,0.8722630851275147,83,29,206,90,91
5,0.02,900,1.0,1.0,3,2.0,0.0,0.5740651223049456,0.19989266298440506,90,0.3049836847260785,0.4058942584758356,0.6595460452813907,0.6276385379139082,0.8722630851275147,83,29,206,90,91
5,0.02,1200,1.0,1.0,3,2.0,0.0,0.5740651223049456,0.19989266298440506,90,0.3049836847260785,0.4058942584758356,0.6595460452813907,0.6276385379139082,0.8722630851275147,83,29,206,90,91
3,0.1,600,0.8,1.0,3,2.0,0.1,0.5738037284863913,0.23768564469336442,29,0.25462110941411487,0.33939226628962516,0.7503025453934415,0.6541991554940096,0.8705035658407649,17,7,32,36,29
3,0.1,900,0.8,1.0,3,2.0,0.1,0.5738037284863913,0.23768564469336442,29,0.25462110941411487,0.33939226628962516,0.7503025453934415,0.6541991554940096,0.8705035658407649,17,7,32,36,29
3,0.1,1200,0.8,1.0,3,2.0,0.1,0.5738037284863913,0.23768564469336442,29,0.25462110941411487,0.33939226628962516,0.7503025453934415,0.6541991554940096,0.8705035658407649,17,7,32,36,29
7,0.1,600,0.8,1.0,3,1.0,0.1,0.573541317115952,0.2008059980632066,28,0.295839027694097,0.434957719196158,0.6445719634929135,0.6036113602887282,0.8887265149078633,15,8,33,28,29
7,0.1,900,0.8,1.0,3,1.0,0.1,0.573541317115952,0.2008059980632066,28,0.295839027694097,0.434957719196158,0.6445719634929135,0.6036113602887282,0.8887265149078633,15,8,33,28,29
7,0.1,1200,0.8,1.0,3,1.0,0.1,0.573541317115952,0.2008059980632066,28,0.295839027694097,0.434957719196158,0.6445719634929135,0.6036113602887282,0.8887265149078633,15,8,33,28,29
5,0.1,600,0.8,1.0,3,1.0,0.1,0.5735343051909322,0.2008162865939367,28,0.295839027694097,0.434957719196158,0.644627791511635,0.6034885968428565,0.8887583907099146,15,8,33,28,29
5,0.1,900,0.8,1.0,3,1.0,0.1,0.5735343051909322,0.2008162865939367,28,0.295839027694097,0.434957719196158,0.644627791511635,0.6034885968428565,0.8887583907099146,15,8,33,28,29
5,0.1,1200,0.8,1.0,3,1.0,0.1,0.5735343051909322,0.2008162865939367,28,0.295839027694097,0.434957719196158,0.644627791511635,0.6034885968428565,0.8887583907099146,15,8,33,28,29
5,0.02,600,1.0,1.0,3,2.0,0.1,0.5733795723326648,0.20534797865039497,91,0.296301705085005,0.4037944352642244,0.6568898505791785,0.6276889313026071,0.8822229394323091,86,29,209,91,97
5,0.02,900,1.0,1.0,3,2.0,0.1,0.5733795723326648,0.20534797865039497,91,0.296301705085005,0.4037944352642244,0.6568898505791785,0.6276889313026071,0.8822229394323091,86,29,209,91,97
5,0.02,1200,1.0,1.0,3,2.0,0.1,0.5733795723326648,0.20534797865039497,91,0.296301705085005,0.4037944352642244,0.6568898505791785,0.6276889313026071,0.8822229394323091,86,29,209,91,97
7,0.02,600,1.0,1.0,3,2.0,0.1,0.5724380531272124,0.20495732338468722,91,0.296301705085005,0.4037944352642244,0.6514910666927871,0.6283801191617364,0.8822229394323091,86,29,210,91,97
7,0.02,900,1.0,1.0,3,2.0,0.1,0.5724380531272124,0.20495732338468722,91,0.296301705085005,0.4037944352642244,0.6514910666927871,0.6283801191617364,0.8822229394323091,86,29,210,91,97
7,0.02,1200,1.0,1.0,3,2.0,0.1,0.5724380531272124,0.20495732338468722,91,0.296301705085005,0.4037944352642244,0.6514910666927871,0.6283801191617364,0.8822229394323091,86,29,210,91,97
3,0.02,600,1.0,0.8,1,2.0,0.1,0.5718238496188766,0.17558556499531516,94,0.5199261711769462,0.4373834896900268,0.42163742530527426,0.5754599063600216,0.9047122555621135,94,44,484,94,225
3,0.02,900,1.0,0.8,1,2.0,0.1,0.5718238496188766,0.17558556499531516,94,0.5199261711769462,0.4373834896900268,0.42163742530527426,0.5754599063600216,0.9047122555621135,94,44,484,94,225
3,0.02,1200,1.0,0.8,1,2.0,0.1,0.5718238496188766,0.17558556499531516,94,0.5199261711769462,0.4373834896900268,0.42163742530527426,0.5754599063600216,0.9047122555621135,94,44,484,94,225
5,0.05,600,1.0,1.0,3,2.0,0.1,0.5715149585858643,0.21031230836047662,35,0.2932633549771979,0.39193668378268876,0.6605775267291762,0.622562163448914,0.8892350639913447,34,11,81,35,40
5,0.05,900,1.0,1.0,3,2.0,0.1,0.5715149585858643,0.21031230836047662,35,0.2932633549771979,0.39193668378268876,0.6605775267291762,0.622562163448914,0.8892350639913447,34,11,81,35,40
5,0.05,1200,1.0,1.0,3,2.0,0.1,0.5715149585858643,0.21031230836047662,35,0.2932633549771979,0.39193668378268876,0.6605775267291762,0.622562163448914,0.8892350639913447,34,11,81,35,40
3,0.1,600,0.8,1.0,3,2.0,0.0,0.5713034582288161,0.24022466189664773,29,0.24257729379035342,0.34141308441984675,0.7430834913076787,0.6567880619119097,0.872655359714292,17,7,33,36,29
3,0.1,900,0.8,1.0,3,2.0,0.0,0.5713034582288161,0.24022466189664773,29,0.24257729379035342,0.34141308441984675,0.7430834913076787,0.6567880619119097,0.872655359714292,17,7,33,36,29
3,0.1,1200,0.8,1.0,3,2.0,0.0,0.5713034582288161,0.24022466189664773,29,0.24257729379035342,0.34141308441984675,0.7430834913076787,0.6567880619119097,0.872655359714292,17,7,33,36,29
7,0.05,600,1.0,1.0,3,2.0,0.1,0.5703705075681255,0.20983027445626093,35,0.2932633549771979,0.39193668378268876,0.6545499560635846,0.6228674790258113,0.8892350639913447,34,11,82,35,40
7,0.05,900,1.0,1.0,3,2.0,0.1,0.5703705075681255,0.20983027445626093,35,0.2932633549771979,0.39193668378268876,0.6545499560635846,0.6228674790258113,0.8892350639913447,34,11,82,35,40
7,0.05,1200,1.0,1.0,3,2.0,0.1,0.5703705075681255,0.20983027445626093,35,0.2932633549771979,0.39193668378268876,0.6545499560635846,0.6228674790258113,0.8892350639913447,34,11,82,35,40
3,0.02,600,1.0,0.8,1,1.0,0.0,0.5670426743312567,0.1800041259775908,74,0.5533661391288239,0.46490429426376556,0.3709302690005306,0.5437317849128969,0.9022808843502658,73,41,391,74,166
3,0.02,900,1.0,0.8,1,1.0,0.0,0.5670426743312567,0.1800041259775908,74,0.5533661391288239,0.46490429426376556,0.3709302690005306,0.5437317849128969,0.9022808843502658,73,41,391,74,166
3,0.02,1200,1.0,0.8,1,1.0,0.0,0.5670426743312567,0.1800041259775908,74,0.5533661391288239,0.46490429426376556,0.3709302690005306,0.5437317849128969,0.9022808843502658,73,41,391,74,166
7,0.1,600,1.0,1.0,3,2.0,0.0,0.5664489786559554,0.20986821088870175,17,0.2877354262568035,0.372987327369798,0.6741275491598024,0.6323119384513871,0.8650826520419866,16,5,36,18,17
7,0.1,900,1.0,1.0,3,2.0,0.0,0.5664489786559554,0.20986821088870175,17,0.2877354262568035,0.372987327369798,0.6741275491598024,0.6323119384513871,0.8650826520419866,16,5,36,18,17
7,0.1,1200,1.0,1.0,3,2.0,0.0,0.5664489786559554,0.20986821088870175,17,0.2877354262568035,0.372987327369798,0.6741275491598024,0.6323119384513871,0.8650826520419866,16,5,36,18,17
3,0.05,600,1.0,0.8,1,2.0,0.1,0.566382112668364,0.18002319968821592,41,0.49224309964890034,0.3868304924005872,0.4697170520270507,0.5778716972941879,0.9052482219710936,41,15,164,37,93
3,0.05,900,1.0,0.8,1,2.0,0.1,0.566382112668364,0.18002319968821592,41,0.49224309964890034,0.3868304924005872,0.4697170520270507,0.5778716972941879,0.9052482219710936,41,15,164,37,93
3,0.05,1200,1.0,0.8,1,2.0,0.1,0.566382112668364,0.18002319968821592,41,0.49224309964890034,0.3868304924005872,0.4697170520270507,0.5778716972941879,0.9052482219710936,41,15,164,37,93
5,0.02,600,0.8,1.0,3,2.0,0.0,0.5657787773742639,0.1612102681565173,120,0.34788091031063584,0.4446715459698546,0.603799139050832,0.6136654514021191,0.8188768401378779,83,37,225,146,120
5,0.02,900,0.8,1.0,3,2.0,0.0,0.5657787773742639,0.1612102681565173,120,0.34788091031063584,0.4446715459698546,0.603799139050832,0.6136654514021191,0.8188768401378779,83,37,225,146,120
5,0.02,1200,0.8,1.0,3,2.0,0.0,0.5657787773742639,0.1612102681565173,120,0.34788091031063584,0.4446715459698546,0.603799139050832,0.6136654514021191,0.8188768401378779,83,37,225,146,120
7,0.1,600,0.8,1.0,3,2.0,0.1,0.5645533830112548,0.21968776975212015,29,0.252135260868379,0.3833607085845251,0.6653274931552186,0.6524315027862541,0.869511949661897,17,8,37,36,29
7,0.1,900,0.8,1.0,3,2.0,0.1,0.5645533830112548,0.21968776975212015,29,0.252135260868379,0.3833607085845251,0.6653274931552186,0.6524315027862541,0.869511949661897,17,8,37,36,29
7,0.1,1200,0.8,1.0,3,2.0,0.1,0.5645533830112548,0.21968776975212015,29,0.252135260868379,0.3833607085845251,0.6653274931552186,0.6524315027862541,0.869511949661897,17,8,37,36,29
5,0.1,600,0.8,1.0,3,2.0,0.1,0.5641318918054964,0.2195131800463406,29,0.252135260868379,0.3833607085845251,0.6653274931552186,0.6503618162373425,0.8694741801820168,17,8,37,36,29
5,0.1,900,0.8,1.0,3,2.0,0.1,0.5641318918054964,0.2195131800463406,29,0.252135260868379,0.3833607085845251,0.6653274931552186,0.6503618162373425,0.8694741801820168,17,8,37,36,29
5,0.1,1200,0.8,1.0,3,2.0,0.1,0.5641318918054964,0.2195131800463406,29,0.252135260868379,0.3833607085845251,0.6653274931552186,0.6503618162373425,0.8694741801820168,17,8,37,36,29
7,0.02,600,0.8,1.0,3,2.0,0.0,0.5633280522467934,0.15718872226457434,114,0.34788091031063584,0.4446715459698546,0.6036241430594838,0.6146823169295028,0.8057813449644899,83,37,225,146,114
7,0.02,900,0.8,1.0,3,2.0,0.0,0.5633280522467934,0.15718872226457434,114,0.34788091031063584,0.4446715459698546,0.6036241430594838,0.6146823169295028,0.8057813449644899,83,37,225,146,114
7,0.02,1200,0.8,1.0,3,2.0,0.0,0.5633280522467934,0.15718872226457434,114,0.34788091031063584,0.4446715459698546,0.6036241430594838,0.6146823169295028,0.8057813449644899,83,37,225,146,114
5,0.1,600,1.0,1.0,3,2.0,0.0,0.5625127030120542,0.2080167165534195,17,0.2877354262568035,0.372987327369798,0.6557290399122401,0.6310290694794429,0.8650826520419866,16,5,41,18,17
5,0.1,900,1.0,1.0,3,2.0,0.0,0.5625127030120542,0.2080167165534195,17,0.2877354262568035,0.372987327369798,0.6557290399122401,0.6310290694794429,0.8650826520419866,16,5,41,18,17
5,0.1,1200,1.0,1.0,3,2.0,0.0,0.5625127030120542,0.2080167165534195,17,0.2877354262568035,0.372987327369798,0.6557290399122401,0.6310290694794429,0.8650826520419866,16,5,41,18,17
7,0.02,600,0.8,1.0,3,2.0,0.1,0.5612752151407369,0.17317885910330724,129,0.34233887549207953,0.40768489122041407,0.60944751501086,0.6150364602444738,0.8318683337358568,86,33,225,146,129
7,0.02,900,0.8,1.0,3,2.0,0.1,0.5612752151407369,0.17317885910330724,129,0.34233887549207953,0.40768489122041407,0.60944751501086,0.6150364602444738,0.8318683337358568,86,33,225,146,129
7,0.02,1200,0.8,1.0,3,2.0,0.1,0.5612752151407369,0.17317885910330724,129,0.34233887549207953,0.40768489122041407,0.60944751501086,0.6150364602444738,0.8318683337358568,86,33,225,146,129
7,0.1,600,0.8,1.0,3,2.0,0.0,0.5612556497050536,0.22936453741066162,29,0.22299438212535339,0.3851783804414374,0.6689619307137985,0.6565416278936983,0.8726019273509809,18,8,37,36,29
7,0.1,900,0.8,1.0,3,2.0,0.0,0.5612556497050536,0.22936453741066162,29,0.22299438212535339,0.3851783804414374,0.6689619307137985,0.6565416278936983,0.8726019273509809,18,8,37,36,29
7,0.1,1200,0.8,1.0,3,2.0,0.0,0.5612556497050536,0.22936453741066162,29,0.22299438212535339,0.3851783804414374,0.6689619307137985,0.6565416278936983,0.8726019273509809,18,8,37,36,29
5,0.02,600,0.8,1.0,3,2.0,0.1,0.560992691945831,0.17308952709457245,129,0.34233887549207953,0.40768489122041407,0.610061194863754,0.6130101644170507,0.8318683337358568,86,33,225,146,129
5,0.02,900,0.8,1.0,3,2.0,0.1,0.560992691945831,0.17308952709457245,129,0.34233887549207953,0.40768489122041407,0.610061194863754,0.6130101644170507,0.8318683337358568,86,33,225,146,129
5,0.02,1200,0.8,1.0,3,2.0,0.1,0.560992691945831,0.17308952709457245,129,0.34233887549207953,0.40768489122041407,0.610061194863754,0.6130101644170507,0.8318683337358568,86,33,225,146,129
5,0.1,600,0.8,1.0,3,2.0,0.0,0.5609720568753617,0.2292512608666476,29,0.22299438212535339,0.3851783804414374,0.6689981742263404,0.6550693587563167,0.8726199888273608,18,8,37,36,29
5,0.1,900,0.8,1.0,3,2.0,0.0,0.5609720568753617,0.2292512608666476,29,0.22299438212535339,0.3851783804414374,0.6689981742263404,0.6550693587563167,0.8726199888273608,18,8,37,36,29
5,0.1,1200,0.8,1.0,3,2.0,0.0,0.5609720568753617,0.2292512608666476,29,0.22299438212535339,0.3851783804414374,0.6689981742263404,0.6550693587563167,0.8726199888273608,18,8,37,36,29
3,0.02,600,1.0,0.8,1,2.0,0.0,0.559744721895627,0.1869867115969412,94,0.521561358741306,0.4396799263908866,0.35978131273107516,0.5733157684231264,0.9043852431917405,94,44,550,94,210
3,0.02,900,1.0,0.8,1,2.0,0.0,0.559744721895627,0.1869867115969412,94,0.521561358741306,0.4396799263908866,0.35978131273107516,0.5733157684231264,0.9043852431917405,94,44,550,94,210
3,0.02,1200,1.0,0.8,1,2.0,0.0,0.559744721895627,0.1869867115969412,94,0.521561358741306,0.4396799263908866,0.35978131273107516,0.5733157684231264,0.9043852431917405,94,44,550,94,210
3,0.02,600,1.0,0.8,1,1.0,0.1,0.5573730523398888,0.19224486375375466,74,0.5582173194305499,0.4629336473735931,0.3207733074155711,0.5416706671507603,0.9032703203289698,73,41,545,74,170
3,0.02,900,1.0,0.8,1,1.0,0.1,0.5573730523398888,0.19224486375375466,74,0.5582173194305499,0.4629336473735931,0.3207733074155711,0.5416706671507603,0.9032703203289698,73,41,545,74,170
3,0.02,1200,1.0,0.8,1,1.0,0.1,0.5573730523398888,0.19224486375375466,74,0.5582173194305499,0.4629336473735931,0.3207733074155711,0.5416706671507603,0.9032703203289698,73,41,545,74,170
3,0.1,600,0.8,1.0,3,1.0,0.0,0.5539821553261957,0.2362619339030149,27,0.30265484211272187,0.27057319007957614,0.7071777663993148,0.6044725698908491,0.8850324081485168,14,5,33,28,27
3,0.1,900,0.8,1.0,3,1.0,0.0,0.5539821553261957,0.2362619339030149,27,0.30265484211272187,0.27057319007957614,0.7071777663993148,0.6044725698908491,0.8850324081485168,14,5,33,28,27
3,0.1,1200,0.8,1.0,3,1.0,0.0,0.5539821553261957,0.2362619339030149,27,0.30265484211272187,0.27057319007957614,0.7071777663993148,0.6044725698908491,0.8850324081485168,14,5,33,28,27
3,0.1,600,0.8,1.0,3,1.0,0.1,0.5518232026636289,0.24359760763849503,28,0.2834588596644111,0.26879025832101244,0.7159211330930987,0.5994534006459071,0.8914923615937153,15,5,33,28,29
3,0.1,900,0.8,1.0,3,1.0,0.1,0.5518232026636289,0.24359760763849503,28,0.2834588596644111,0.26879025832101244,0.7159211330930987,0.5994534006459071,0.8914923615937153,15,5,33,28,29
3,0.1,1200,0.8,1.0,3,1.0,0.1,0.5518232026636289,0.24359760763849503,28,0.2834588596644111,0.26879025832101244,0.7159211330930987,0.5994534006459071,0.8914923615937153,15,5,33,28,29
5,0.1,600,0.8,1.0,3,1.0,0.0,0.5454612858430615,0.22515500158053253,28,0.2686885171714636,0.32865515379468113,0.644606795224405,0.5973385044598725,0.8880174585648853,15,6,33,28,29
5,0.1,900,0.8,1.0,3,1.0,0.0,0.5454612858430615,0.22515500158053253,28,0.2686885171714636,0.32865515379468113,0.644606795224405,0.5973385044598725,0.8880174585648853,15,6,33,28,29
5,0.1,1200,0.8,1.0,3,1.0,0.0,0.5454612858430615,0.22515500158053253,28,0.2686885171714636,0.32865515379468113,0.644606795224405,0.5973385044598725,0.8880174585648853,15,6,33,28,29
5,0.05,600,1.0,1.0,1,2.0,0.0,0.5444788920405004,0.18176613288285134,33,0.4014305300127341,0.598919700608443,0.31776949889964234,0.5595567522574192,0.8447179784242631,33,22,184,34,31
5,0.05,900,1.0,1.0,1,2.0,0.0,0.5444788920405004,0.18176613288285134,33,0.4014305300127341,0.598919700608443,0.31776949889964234,0.5595567522574192,0.8447179784242631,33,22,184,34,31
5,0.05,1200,1.0,1.0,1,2.0,0.0,0.5444788920405004,0.18176613288285134,33,0.4014305300127341,0.598919700608443,0.31776949889964234,0.5595567522574192,0.8447179784242631,33,22,184,34,31
7,0.1,600,0.8,1.0,3,1.0,0.0,0.5444364550334804,0.2249468691445749,27,0.2686885171714636,0.32865515379468113,0.6444785236472645,0.592248541484866,0.8881115390691265,15,6,33,27,29
7,0.1,900,0.8,1.0,3,1.0,0.0,0.5444364550334804,0.2249468691445749,27,0.2686885171714636,0.32865515379468113,0.6444785236472645,0.592248541484866,0.8881115390691265,15,6,33,27,29
7,0.1,1200,0.8,1.0,3,1.0,0.0,0.5444364550334804,0.2249468691445749,27,0.2686885171714636,0.32865515379468113,0.6444785236472645,0.592248541484866,0.8881115390691265,15,6,33,27,29
3,0.1,600,1.0,0.8,1,2.0,0.1,0.5428384363190312,0.2050939588070487,18,0.4945918902853119,0.27716137141869057,0.4766949718082786,0.558508590756096,0.9072353573267788,17,5,78,18,48
3,0.1,900,1.0,0.8,1,2.0,0.1,0.5428384363190312,0.2050939588070487,18,0.4945918902853119,0.27716137141869057,0.4766949718082786,0.558508590756096,0.9072353573267788,17,5,78,18,48
3,0.1,1200,1.0,0.8,1,2.0,0.1,0.5428384363190312,0.2050939588070487,18,0.4945918902853119,0.27716137141869057,0.4766949718082786,0.558508590756096,0.9072353573267788,17,5,78,18,48
3,0.1,600,1.0,0.8,1,2.0,0.0,0.5343131030286576,0.20965576819416795,18,0.4926536100681732,0.2783143611086597,0.42935298703162794,0.5617840745459027,0.9094604823889243,17,5,81,18,48
3,0.1,900,1.0,0.8,1,2.0,0.0,0.5343131030286576,0.20965576819416795,18,0.4926536100681732,0.2783143611086597,0.42935298703162794,0.5617840745459027,0.9094604823889243,17,5,81,18,48
3,0.1,1200,1.0,0.8,1,2.0,0.0,0.5343131030286576,0.20965576819416795,18,0.4926536100681732,0.2783143611086597,0.42935298703162794,0.5617840745459027,0.9094604823889243,17,5,81,18,48
