max_depth,learning_rate,n_estimators,subsample,colsample_bytree,min_child_weight,reg_lambda,reg_alpha,mean_outer_R2,std_outer_R2,median_best_rounds,fold_1_R2,fold_2_R2,fold_3_R2,fold_4_R2,fold_5_R2,fold_1_best_rounds,fold_2_best_rounds,fold_3_best_rounds,fold_4_best_rounds,fold_5_best_rounds
7,0.1,600,1.0,1.0,3,2.0,0.0,0.7902053339968023,0.1129860553409011,25,0.6011684080503994,0.8710916127056334,0.9249905594965195,0.8158106389483859,0.7379654507830729,23,41,67,25,11
7,0.1,900,1.0,1.0,3,2.0,0.0,0.7902053339968023,0.1129860553409011,25,0.6011684080503994,0.8710916127056334,0.9249905594965195,0.8158106389483859,0.7379654507830729,23,41,67,25,11
7,0.1,1200,1.0,1.0,3,2.0,0.0,0.7902053339968023,0.1129860553409011,25,0.6011684080503994,0.8710916127056334,0.9249905594965195,0.8158106389483859,0.7379654507830729,23,41,67,25,11
5,0.1,600,1.0,1.0,3,2.0,0.0,0.7892769990828133,0.11473282959800393,25,0.5957654024325261,0.8748085858886316,0.9224762342583138,0.8153693220515228,0.7379654507830729,23,42,69,25,11
5,0.1,900,1.0,1.0,3,2.0,0.0,0.7892769990828133,0.11473282959800393,25,0.5957654024325261,0.8748085858886316,0.9224762342583138,0.8153693220515228,0.7379654507830729,23,42,69,25,11
5,0.1,1200,1.0,1.0,3,2.0,0.0,0.7892769990828133,0.11473282959800393,25,0.5957654024325261,0.8748085858886316,0.9224762342583138,0.8153693220515228,0.7379654507830729,23,42,69,25,11
3,0.02,600,1.0,0.8,3,1.0,0.0,0.7843679599497905,0.13594673547172767,115,0.5499034549229154,0.9077173536621015,0.9148380480759932,0.8247361802564003,0.724644762831542,110,218,219,115,46
3,0.02,900,1.0,0.8,3,1.0,0.0,0.7843679599497905,0.13594673547172767,115,0.5499034549229154,0.9077173536621015,0.9148380480759932,0.8247361802564003,0.724644762831542,110,218,219,115,46
3,0.02,1200,1.0,0.8,3,1.0,0.0,0.7843679599497905,0.13594673547172767,115,0.5499034549229154,0.9077173536621015,0.9148380480759932,0.8247361802564003,0.724644762831542,110,218,219,115,46
3,0.05,600,1.0,0.8,3,1.0,0.0,0.7837197272998427,0.12141300921952644,46,0.5755838633787724,0.9056105255410547,0.8947762952438932,0.8093029409262089,0.7333250114092841,46,84,115,42,19
3,0.05,900,1.0,0.8,3,1.0,0.0,0.7837197272998427,0.12141300921952644,46,0.5755838633787724,0.9056105255410547,0.8947762952438932,0.8093029409262089,0.7333250114092841,46,84,115,42,19
3,0.05,1200,1.0,0.8,3,1.0,0.0,0.7837197272998427,0.12141300921952644,46,0.5755838633787724,0.9056105255410547,0.8947762952438932,0.8093029409262089,0.7333250114092841,46,84,115,42,19
7,0.02,600,1.0,0.8,1,1.0,0.1,0.7832295154235782,0.1456210608472296,160,0.5568010751006655,0.9316782203234538,0.9522357655992049,0.7404166696286302,0.7350158464659372,160,279,390,135,46
7,0.02,900,1.0,0.8,1,1.0,0.1,0.7832295154235782,0.1456210608472296,160,0.5568010751006655,0.9316782203234538,0.9522357655992049,0.7404166696286302,0.7350158464659372,160,279,390,135,46
7,0.02,1200,1.0,0.8,1,1.0,0.1,0.7832295154235782,0.1456210608472296,160,0.5568010751006655,0.9316782203234538,0.9522357655992049,0.7404166696286302,0.7350158464659372,160,279,390,135,46
3,0.02,600,1.0,0.8,3,1.0,0.1,0.7814530494218153,0.13855400025586967,115,0.5430001733039203,0.9044252945012103,0.9185097720008173,0.8205989534181063,0.7207310538850222,110,215,223,115,46
3,0.02,900,1.0,0.8,3,1.0,0.1,0.7814530494218153,0.13855400025586967,115,0.5430001733039203,0.9044252945012103,0.9185097720008173,0.8205989534181063,0.7207310538850222,110,215,223,115,46
3,0.02,1200,1.0,0.8,3,1.0,0.1,0.7814530494218153,0.13855400025586967,115,0.5430001733039203,0.9044252945012103,0.9185097720008173,0.8205989534181063,0.7207310538850222,110,215,223,115,46
3,0.1,600,1.0,0.8,3,1.0,0.0,0.7813541980585615,0.12613198272348283,21,0.6194072630912042,0.9059550488629792,0.9168479017781097,0.8177765349838474,0.6467842415766674,19,41,39,21,7
3,0.1,900,1.0,0.8,3,1.0,0.0,0.7813541980585615,0.12613198272348283,21,0.6194072630912042,0.9059550488629792,0.9168479017781097,0.8177765349838474,0.6467842415766674,19,41,39,21,7
3,0.1,1200,1.0,0.8,3,1.0,0.0,0.7813541980585615,0.12613198272348283,21,0.6194072630912042,0.9059550488629792,0.9168479017781097,0.8177765349838474,0.6467842415766674,19,41,39,21,7
3,0.05,600,1.0,0.8,3,1.0,0.1,0.7810082541949814,0.12356828271037276,46,0.5693218247195779,0.9018177457868861,0.8982774826019345,0.8054895315263286,0.7301346863401799,46,83,115,42,19
3,0.05,900,1.0,0.8,3,1.0,0.1,0.7810082541949814,0.12356828271037276,46,0.5693218247195779,0.9018177457868861,0.8982774826019345,0.8054895315263286,0.7301346863401799,46,83,115,42,19
3,0.05,1200,1.0,0.8,3,1.0,0.1,0.7810082541949814,0.12356828271037276,46,0.5693218247195779,0.9018177457868861,0.8982774826019345,0.8054895315263286,0.7301346863401799,46,83,115,42,19
7,0.02,600,1.0,0.8,3,1.0,0.0,0.7785851965295054,0.12166970195211688,107,0.5677763933566682,0.9018566147865454,0.884155766057999,0.808770930602534,0.7303662778437805,107,216,379,102,46
7,0.02,900,1.0,0.8,3,1.0,0.0,0.7785851965295054,0.12166970195211688,107,0.5677763933566682,0.9018566147865454,0.884155766057999,0.808770930602534,0.7303662778437805,107,216,379,102,46
7,0.02,1200,1.0,0.8,3,1.0,0.0,0.7785851965295054,0.12166970195211688,107,0.5677763933566682,0.9018566147865454,0.884155766057999,0.808770930602534,0.7303662778437805,107,216,379,102,46
5,0.02,600,1.0,0.8,3,1.0,0.0,0.7784114754181399,0.12150911730642709,107,0.5679130388451856,0.9038090073663994,0.8811501998088057,0.8088188532265282,0.7303662778437805,107,221,347,102,46
5,0.02,900,1.0,0.8,3,1.0,0.0,0.7784114754181399,0.12150911730642709,107,0.5679130388451856,0.9038090073663994,0.8811501998088057,0.8088188532265282,0.7303662778437805,107,221,347,102,46
5,0.02,1200,1.0,0.8,3,1.0,0.0,0.7784114754181399,0.12150911730642709,107,0.5679130388451856,0.9038090073663994,0.8811501998088057,0.8088188532265282,0.7303662778437805,107,221,347,102,46
3,0.1,600,1.0,1.0,3,2.0,0.0,0.7780664595976792,0.13502891613836493,24,0.5478606078018025,0.880871069783802,0.938400706047383,0.7875918492061196,0.7356080651492884,23,41,46,24,11
3,0.1,900,1.0,1.0,3,2.0,0.0,0.7780664595976792,0.13502891613836493,24,0.5478606078018025,0.880871069783802,0.938400706047383,0.7875918492061196,0.7356080651492884,23,41,46,24,11
3,0.1,1200,1.0,1.0,3,2.0,0.0,0.7780664595976792,0.13502891613836493,24,0.5478606078018025,0.880871069783802,0.938400706047383,0.7875918492061196,0.7356080651492884,23,41,46,24,11
7,0.05,600,1.0,0.8,1,2.0,0.1,0.7770123190811864,0.16731986700765225,67,0.4687044749044027,0.8816446235304157,0.9452308920477996,0.7444816887352244,0.8449999161880895,67,83,299,60,33
7,0.05,900,1.0,0.8,1,2.0,0.1,0.7770123190811864,0.16731986700765225,67,0.4687044749044027,0.8816446235304157,0.9452308920477996,0.7444816887352244,0.8449999161880895,67,83,299,60,33
7,0.05,1200,1.0,0.8,1,2.0,0.1,0.7770123190811864,0.16731986700765225,67,0.4687044749044027,0.8816446235304157,0.9452308920477996,0.7444816887352244,0.8449999161880895,67,83,299,60,33
5,0.05,600,1.0,0.8,3,1.0,0.1,0.7763594141342735,0.12996208147401703,46,0.5470850453774334,0.8990732740547313,0.8919977111643099,0.8131234658199122,0.7305175742549805,46,83,115,42,19
5,0.05,900,1.0,0.8,3,1.0,0.1,0.7763594141342735,0.12996208147401703,46,0.5470850453774334,0.8990732740547313,0.8919977111643099,0.8131234658199122,0.7305175742549805,46,83,115,42,19
5,0.05,1200,1.0,0.8,3,1.0,0.1,0.7763594141342735,0.12996208147401703,46,0.5470850453774334,0.8990732740547313,0.8919977111643099,0.8131234658199122,0.7305175742549805,46,83,115,42,19
5,0.05,600,1.0,0.8,3,2.0,0.1,0.776052202847832,0.12463432659940206,55,0.6058286389254264,0.8918750104912005,0.9057862411224537,0.8267289825853721,0.6500421411147074,46,95,115,55,18
5,0.05,900,1.0,0.8,3,2.0,0.1,0.776052202847832,0.12463432659940206,55,0.6058286389254264,0.8918750104912005,0.9057862411224537,0.8267289825853721,0.6500421411147074,46,95,115,55,18
5,0.05,1200,1.0,0.8,3,2.0,0.1,0.776052202847832,0.12463432659940206,55,0.6058286389254264,0.8918750104912005,0.9057862411224537,0.8267289825853721,0.6500421411147074,46,95,115,55,18
7,0.05,600,1.0,0.8,3,1.0,0.1,0.7755409567338688,0.129484598592694,46,0.5467310036827642,0.8986715026403801,0.8891899366070813,0.8125947664841381,0.7305175742549805,46,83,115,42,19
7,0.05,900,1.0,0.8,3,1.0,0.1,0.7755409567338688,0.129484598592694,46,0.5467310036827642,0.8986715026403801,0.8891899366070813,0.8125947664841381,0.7305175742549805,46,83,115,42,19
7,0.05,1200,1.0,0.8,3,1.0,0.1,0.7755409567338688,0.129484598592694,46,0.5467310036827642,0.8986715026403801,0.8891899366070813,0.8125947664841381,0.7305175742549805,46,83,115,42,19
5,0.05,600,1.0,0.8,3,2.0,0.0,0.7751944366670892,0.12275004654889417,55,0.5948826387658503,0.8858522257823339,0.9013778720587198,0.8277391642765568,0.6661202824519852,46,86,115,55,19
5,0.05,900,1.0,0.8,3,2.0,0.0,0.7751944366670892,0.12275004654889417,55,0.5948826387658503,0.8858522257823339,0.9013778720587198,0.8277391642765568,0.6661202824519852,46,86,115,55,19
5,0.05,1200,1.0,0.8,3,2.0,0.0,0.7751944366670892,0.12275004654889417,55,0.5948826387658503,0.8858522257823339,0.9013778720587198,0.8277391642765568,0.6661202824519852,46,86,115,55,19
7,0.05,600,1.0,1.0,3,1.0,0.0,0.7743350060277148,0.12178873458138822,42,0.5729023962473401,0.8751283611132034,0.9024006062824762,0.8182897726004187,0.7029538938951359,42,72,155,41,16
7,0.05,900,1.0,1.0,3,1.0,0.0,0.7743350060277148,0.12178873458138822,42,0.5729023962473401,0.8751283611132034,0.9024006062824762,0.8182897726004187,0.7029538938951359,42,72,155,41,16
7,0.05,1200,1.0,1.0,3,1.0,0.0,0.7743350060277148,0.12178873458138822,42,0.5729023962473401,0.8751283611132034,0.9024006062824762,0.8182897726004187,0.7029538938951359,42,72,155,41,16
7,0.05,600,1.0,0.8,3,2.0,0.1,0.7740378925079301,0.1226469265691959,55,0.6058198754644858,0.8910332797526758,0.8970054920927263,0.8262886741150551,0.6500421411147074,46,92,115,55,18
7,0.05,900,1.0,0.8,3,2.0,0.1,0.7740378925079301,0.1226469265691959,55,0.6058198754644858,0.8910332797526758,0.8970054920927263,0.8262886741150551,0.6500421411147074,46,92,115,55,18
7,0.05,1200,1.0,0.8,3,2.0,0.1,0.7740378925079301,0.1226469265691959,55,0.6058198754644858,0.8910332797526758,0.8970054920927263,0.8262886741150551,0.6500421411147074,46,92,115,55,18
7,0.05,600,1.0,0.8,3,2.0,0.0,0.7738353350411219,0.12134579520683121,55,0.5949993496700046,0.8889507496758344,0.8918991100913223,0.8272071833164629,0.6661202824519852,46,89,115,55,19
7,0.05,900,1.0,0.8,3,2.0,0.0,0.7738353350411219,0.12134579520683121,55,0.5949993496700046,0.8889507496758344,0.8918991100913223,0.8272071833164629,0.6661202824519852,46,89,115,55,19
7,0.05,1200,1.0,0.8,3,2.0,0.0,0.7738353350411219,0.12134579520683121,55,0.5949993496700046,0.8889507496758344,0.8918991100913223,0.8272071833164629,0.6661202824519852,46,89,115,55,19
5,0.05,600,1.0,1.0,3,1.0,0.0,0.7736781602779492,0.12097377744768813,42,0.5729023962473401,0.878813304469955,0.895385975835563,0.8183352309417524,0.7029538938951359,42,74,189,41,16
5,0.05,900,1.0,1.0,3,1.0,0.0,0.7736781602779492,0.12097377744768813,42,0.5729023962473401,0.878813304469955,0.895385975835563,0.8183352309417524,0.7029538938951359,42,74,189,41,16
5,0.05,1200,1.0,1.0,3,1.0,0.0,0.7736781602779492,0.12097377744768813,42,0.5729023962473401,0.878813304469955,0.895385975835563,0.8183352309417524,0.7029538938951359,42,74,189,41,16
3,0.05,600,1.0,0.8,3,2.0,0.0,0.7736544983467616,0.13496953485759122,55,0.5858087394926758,0.8906552868756935,0.9255344289438777,0.8219002351173048,0.6443738013042561,46,88,89,55,18
3,0.05,900,1.0,0.8,3,2.0,0.0,0.7736544983467616,0.13496953485759122,55,0.5858087394926758,0.8906552868756935,0.9255344289438777,0.8219002351173048,0.6443738013042561,46,88,89,55,18
3,0.05,1200,1.0,0.8,3,2.0,0.0,0.7736544983467616,0.13496953485759122,55,0.5858087394926758,0.8906552868756935,0.9255344289438777,0.8219002351173048,0.6443738013042561,46,88,89,55,18
7,0.1,600,1.0,0.8,1,1.0,0.1,0.7722252914409259,0.16535785357475763,32,0.4867149697321155,0.9145290044605416,0.9559900129838904,0.7653188751782802,0.7385735948498015,32,47,73,30,9
7,0.1,900,1.0,0.8,1,1.0,0.1,0.7722252914409259,0.16535785357475763,32,0.4867149697321155,0.9145290044605416,0.9559900129838904,0.7653188751782802,0.7385735948498015,32,47,73,30,9
7,0.1,1200,1.0,0.8,1,1.0,0.1,0.7722252914409259,0.16535785357475763,32,0.4867149697321155,0.9145290044605416,0.9559900129838904,0.7653188751782802,0.7385735948498015,32,47,73,30,9
5,0.02,600,1.0,0.8,1,1.0,0.1,0.7705414983750231,0.1520781253172542,160,0.5561603298128452,0.9319720725388094,0.9511879773789153,0.7443326012383191,0.669054510906226,160,267,388,135,38
5,0.02,900,1.0,0.8,1,1.0,0.1,0.7705414983750231,0.1520781253172542,160,0.5561603298128452,0.9319720725388094,0.9511879773789153,0.7443326012383191,0.669054510906226,160,267,388,135,38
5,0.02,1200,1.0,0.8,1,1.0,0.1,0.7705414983750231,0.1520781253172542,160,0.5561603298128452,0.9319720725388094,0.9511879773789153,0.7443326012383191,0.669054510906226,160,267,388,135,38
7,0.02,600,1.0,0.8,3,1.0,0.1,0.7705114479061174,0.14939015949586104,120,0.5004117167874005,0.8996172768067496,0.9009212981646775,0.8253119521601637,0.7262949956115957,120,215,275,115,46
7,0.02,900,1.0,0.8,3,1.0,0.1,0.7705114479061174,0.14939015949586104,120,0.5004117167874005,0.8996172768067496,0.9009212981646775,0.8253119521601637,0.7262949956115957,120,215,275,115,46
7,0.02,1200,1.0,0.8,3,1.0,0.1,0.7705114479061174,0.14939015949586104,120,0.5004117167874005,0.8996172768067496,0.9009212981646775,0.8253119521601637,0.7262949956115957,120,215,275,115,46
5,0.02,600,1.0,0.8,1,2.0,0.1,0.7703928895373966,0.1578249447887583,189,0.490990488287789,0.8768401253417779,0.9556184165121502,0.7447247440165479,0.7837906735287188,189,202,426,151,67
5,0.02,900,1.0,0.8,1,2.0,0.1,0.7703928895373966,0.1578249447887583,189,0.490990488287789,0.8768401253417779,0.9556184165121502,0.7447247440165479,0.7837906735287188,189,202,426,151,67
5,0.02,1200,1.0,0.8,1,2.0,0.1,0.7703928895373966,0.1578249447887583,189,0.490990488287789,0.8768401253417779,0.9556184165121502,0.7447247440165479,0.7837906735287188,189,202,426,151,67
5,0.02,600,1.0,0.8,3,1.0,0.1,0.7702274452749056,0.14903618932097867,120,0.5005946779870836,0.8996331650962918,0.8992113859719293,0.8254030017076281,0.7262949956115957,120,215,275,115,46
5,0.02,900,1.0,0.8,3,1.0,0.1,0.7702274452749056,0.14903618932097867,120,0.5005946779870836,0.8996331650962918,0.8992113859719293,0.8254030017076281,0.7262949956115957,120,215,275,115,46
5,0.02,1200,1.0,0.8,3,1.0,0.1,0.7702274452749056,0.14903618932097867,120,0.5005946779870836,0.8996331650962918,0.8992113859719293,0.8254030017076281,0.7262949956115957,120,215,275,115,46
3,0.05,600,1.0,0.8,3,2.0,0.1,0.7696377163836148,0.1353336327099032,55,0.5724981184491531,0.8882748102004066,0.9183382590074819,0.8183881035909919,0.6506892906700403,47,88,99,55,18
3,0.05,900,1.0,0.8,3,2.0,0.1,0.7696377163836148,0.1353336327099032,55,0.5724981184491531,0.8882748102004066,0.9183382590074819,0.8183881035909919,0.6506892906700403,47,88,99,55,18
3,0.05,1200,1.0,0.8,3,2.0,0.1,0.7696377163836148,0.1353336327099032,55,0.5724981184491531,0.8882748102004066,0.9183382590074819,0.8183881035909919,0.6506892906700403,47,88,99,55,18
7,0.02,600,1.0,0.8,1,2.0,0.1,0.7693352036668475,0.1582805869214264,189,0.48946096935019945,0.877647362579876,0.9543163167707457,0.7414766578099279,0.7837747118234887,189,202,450,151,67
7,0.02,900,1.0,0.8,1,2.0,0.1,0.7693352036668475,0.1582805869214264,189,0.48946096935019945,0.877647362579876,0.9543163167707457,0.7414766578099279,0.7837747118234887,189,202,450,151,67
7,0.02,1200,1.0,0.8,1,2.0,0.1,0.7693352036668475,0.1582805869214264,189,0.48946096935019945,0.877647362579876,0.9543163167707457,0.7414766578099279,0.7837747118234887,189,202,450,151,67
5,0.1,600,1.0,0.8,1,1.0,0.1,0.7692144536016132,0.16947447256984266,32,0.4729326371504271,0.9166318021292167,0.9512565778921951,0.7668291707568224,0.7384220800794048,32,47,80,29,9
5,0.1,900,1.0,0.8,1,1.0,0.1,0.7692144536016132,0.16947447256984266,32,0.4729326371504271,0.9166318021292167,0.9512565778921951,0.7668291707568224,0.7384220800794048,32,47,80,29,9
5,0.1,1200,1.0,0.8,1,1.0,0.1,0.7692144536016132,0.16947447256984266,32,0.4729326371504271,0.9166318021292167,0.9512565778921951,0.7668291707568224,0.7384220800794048,32,47,80,29,9
5,0.1,600,1.0,0.8,3,1.0,0.0,0.769114766098543,0.11766887157247272,23,0.6092275376081024,0.9012968518385313,0.8444280208617858,0.8437699264028188,0.6468514937814763,19,41,90,23,7
5,0.1,900,1.0,0.8,3,1.0,0.0,0.769114766098543,0.11766887157247272,23,0.6092275376081024,0.9012968518385313,0.8444280208617858,0.8437699264028188,0.6468514937814763,19,41,90,23,7
5,0.1,1200,1.0,0.8,3,1.0,0.0,0.769114766098543,0.11766887157247272,23,0.6092275376081024,0.9012968518385313,0.8444280208617858,0.8437699264028188,0.6468514937814763,19,41,90,23,7
5,0.1,600,1.0,1.0,3,2.0,0.1,0.7672235276875378,0.1258475186072643,25,0.5614592315595521,0.8733789878565213,0.910242858842431,0.7912528282054612,0.6997837319737235,25,41,94,23,10
5,0.1,900,1.0,1.0,3,2.0,0.1,0.7672235276875378,0.1258475186072643,25,0.5614592315595521,0.8733789878565213,0.910242858842431,0.7912528282054612,0.6997837319737235,25,41,94,23,10
5,0.1,1200,1.0,1.0,3,2.0,0.1,0.7672235276875378,0.1258475186072643,25,0.5614592315595521,0.8733789878565213,0.910242858842431,0.7912528282054612,0.6997837319737235,25,41,94,23,10
7,0.1,600,1.0,0.8,3,1.0,0.0,0.7669909488233047,0.11643231300904905,23,0.6084545730851623,0.8990976126042705,0.8369804222696603,0.8435706423759538,0.6468514937814763,19,40,93,23,7
7,0.1,900,1.0,0.8,3,1.0,0.0,0.7669909488233047,0.11643231300904905,23,0.6084545730851623,0.8990976126042705,0.8369804222696603,0.8435706423759538,0.6468514937814763,19,40,93,23,7
7,0.1,1200,1.0,0.8,3,1.0,0.0,0.7669909488233047,0.11643231300904905,23,0.6084545730851623,0.8990976126042705,0.8369804222696603,0.8435706423759538,0.6468514937814763,19,40,93,23,7
5,0.05,600,1.0,0.8,3,1.0,0.0,0.766588096121685,0.13081105812328572,46,0.5562721439994271,0.9034185383007742,0.8764614626985655,0.8186369620064973,0.6781513736031605,46,85,137,42,16
5,0.05,900,1.0,0.8,3,1.0,0.0,0.766588096121685,0.13081105812328572,46,0.5562721439994271,0.9034185383007742,0.8764614626985655,0.8186369620064973,0.6781513736031605,46,85,137,42,16
5,0.05,1200,1.0,0.8,3,1.0,0.0,0.766588096121685,0.13081105812328572,46,0.5562721439994271,0.9034185383007742,0.8764614626985655,0.8186369620064973,0.6781513736031605,46,85,137,42,16
7,0.1,600,1.0,1.0,3,2.0,0.1,0.766417438219931,0.12493714285324786,25,0.5614592315595521,0.8734044880360811,0.9061869113248373,0.7912528282054612,0.6997837319737235,25,41,102,23,10
7,0.1,900,1.0,1.0,3,2.0,0.1,0.766417438219931,0.12493714285324786,25,0.5614592315595521,0.8734044880360811,0.9061869113248373,0.7912528282054612,0.6997837319737235,25,41,102,23,10
7,0.1,1200,1.0,1.0,3,2.0,0.1,0.766417438219931,0.12493714285324786,25,0.5614592315595521,0.8734044880360811,0.9061869113248373,0.7912528282054612,0.6997837319737235,25,41,102,23,10
7,0.05,600,1.0,0.8,3,1.0,0.0,0.7658518912222065,0.1303910528690422,46,0.5556596987646839,0.8998293547570262,0.8774146662499365,0.8182043627362254,0.6781513736031605,46,83,137,42,16
7,0.05,900,1.0,0.8,3,1.0,0.0,0.7658518912222065,0.1303910528690422,46,0.5556596987646839,0.8998293547570262,0.8774146662499365,0.8182043627362254,0.6781513736031605,46,83,137,42,16
7,0.05,1200,1.0,0.8,3,1.0,0.0,0.7658518912222065,0.1303910528690422,46,0.5556596987646839,0.8998293547570262,0.8774146662499365,0.8182043627362254,0.6781513736031605,46,83,137,42,16
3,0.05,600,1.0,1.0,3,1.0,0.0,0.7647039883881972,0.14102210617605393,42,0.5444959105761777,0.8823811326470375,0.932807190191739,0.789745687953721,0.6740900205723104,42,71,78,40,15
3,0.05,900,1.0,1.0,3,1.0,0.0,0.7647039883881972,0.14102210617605393,42,0.5444959105761777,0.8823811326470375,0.932807190191739,0.789745687953721,0.6740900205723104,42,71,78,40,15
3,0.05,1200,1.0,1.0,3,1.0,0.0,0.7647039883881972,0.14102210617605393,42,0.5444959105761777,0.8823811326470375,0.932807190191739,0.789745687953721,0.6740900205723104,42,71,78,40,15
5,0.02,600,1.0,1.0,3,1.0,0.0,0.7624131030008905,0.14550503557677855,109,0.537445670579223,0.885340902449709,0.9205705835894057,0.81666029162299,0.6520480667631251,109,201,255,103,35
5,0.02,900,1.0,1.0,3,1.0,0.0,0.7624131030008905,0.14550503557677855,109,0.537445670579223,0.885340902449709,0.9205705835894057,0.81666029162299,0.6520480667631251,109,201,255,103,35
5,0.02,1200,1.0,1.0,3,1.0,0.0,0.7624131030008905,0.14550503557677855,109,0.537445670579223,0.885340902449709,0.9205705835894057,0.81666029162299,0.6520480667631251,109,201,255,103,35
5,0.02,600,1.0,0.8,3,2.0,0.1,0.7623031696827802,0.14616925692760294,137,0.5337706765967883,0.8917779755524077,0.9121151660265595,0.8209045790706917,0.6529474511674542,128,237,271,137,46
5,0.02,900,1.0,0.8,3,2.0,0.1,0.7623031696827802,0.14616925692760294,137,0.5337706765967883,0.8917779755524077,0.9121151660265595,0.8209045790706917,0.6529474511674542,128,237,271,137,46
5,0.02,1200,1.0,0.8,3,2.0,0.1,0.7623031696827802,0.14616925692760294,137,0.5337706765967883,0.8917779755524077,0.9121151660265595,0.8209045790706917,0.6529474511674542,128,237,271,137,46
5,0.02,600,1.0,0.8,3,2.0,0.0,0.7616548321164529,0.14026633727438503,128,0.545759969545533,0.8938891362981215,0.9051620715653572,0.8088404521027627,0.6546225310704901,128,237,305,127,46
5,0.02,900,1.0,0.8,3,2.0,0.0,0.7616548321164529,0.14026633727438503,128,0.545759969545533,0.8938891362981215,0.9051620715653572,0.8088404521027627,0.6546225310704901,128,237,305,127,46
5,0.02,1200,1.0,0.8,3,2.0,0.0,0.7616548321164529,0.14026633727438503,128,0.545759969545533,0.8938891362981215,0.9051620715653572,0.8088404521027627,0.6546225310704901,128,237,305,127,46
7,0.05,600,1.0,1.0,3,1.0,0.1,0.7610900560404801,0.1319963704496387,44,0.5470603016712134,0.8773072751072801,0.8939931477029828,0.8125416109404012,0.6745479447805227,44,73,192,41,15
7,0.05,900,1.0,1.0,3,1.0,0.1,0.7610900560404801,0.1319963704496387,44,0.5470603016712134,0.8773072751072801,0.8939931477029828,0.8125416109404012,0.6745479447805227,44,73,192,41,15
7,0.05,1200,1.0,1.0,3,1.0,0.1,0.7610900560404801,0.1319963704496387,44,0.5470603016712134,0.8773072751072801,0.8939931477029828,0.8125416109404012,0.6745479447805227,44,73,192,41,15
5,0.1,600,1.0,1.0,3,1.0,0.0,0.7608566268168,0.13928074152313713,20,0.6468667709102196,0.887965625737976,0.9012185842272188,0.8189595724761873,0.5492725807323982,19,40,77,20,5
5,0.1,900,1.0,1.0,3,1.0,0.0,0.7608566268168,0.13928074152313713,20,0.6468667709102196,0.887965625737976,0.9012185842272188,0.8189595724761873,0.5492725807323982,19,40,77,20,5
5,0.1,1200,1.0,1.0,3,1.0,0.0,0.7608566268168,0.13928074152313713,20,0.6468667709102196,0.887965625737976,0.9012185842272188,0.8189595724761873,0.5492725807323982,19,40,77,20,5
5,0.05,600,1.0,1.0,3,1.0,0.1,0.7605777220347321,0.13145076679242823,44,0.5470603016712134,0.8790441556497794,0.8896945971317434,0.8125416109404012,0.6745479447805227,44,74,206,41,15
5,0.05,900,1.0,1.0,3,1.0,0.1,0.7605777220347321,0.13145076679242823,44,0.5470603016712134,0.8790441556497794,0.8896945971317434,0.8125416109404012,0.6745479447805227,44,74,206,41,15
5,0.05,1200,1.0,1.0,3,1.0,0.1,0.7605777220347321,0.13145076679242823,44,0.5470603016712134,0.8790441556497794,0.8896945971317434,0.8125416109404012,0.6745479447805227,44,74,206,41,15
5,0.1,600,0.8,1.0,1,2.0,0.1,0.760530151478892,0.16626884799113076,36,0.49958462477138144,0.927736591833866,0.9320259722439159,0.7914451078914976,0.6518584606537992,24,58,167,36,10
5,0.1,900,0.8,1.0,1,2.0,0.1,0.760530151478892,0.16626884799113076,36,0.49958462477138144,0.927736591833866,0.9320259722439159,0.7914451078914976,0.6518584606537992,24,58,167,36,10
5,0.1,1200,0.8,1.0,1,2.0,0.1,0.760530151478892,0.16626884799113076,36,0.49958462477138144,0.927736591833866,0.9320259722439159,0.7914451078914976,0.6518584606537992,24,58,167,36,10
3,0.05,600,0.8,1.0,1,2.0,0.1,0.7601651070606932,0.18426492175094036,64,0.4459866205357701,0.934208230322515,0.9558893105917227,0.7537675717532344,0.7109738021002239,64,198,325,61,23
3,0.05,900,0.8,1.0,1,2.0,0.1,0.7601651070606932,0.18426492175094036,64,0.4459866205357701,0.934208230322515,0.9558893105917227,0.7537675717532344,0.7109738021002239,64,198,325,61,23
3,0.05,1200,0.8,1.0,1,2.0,0.1,0.7601651070606932,0.18426492175094036,64,0.4459866205357701,0.934208230322515,0.9558893105917227,0.7537675717532344,0.7109738021002239,64,198,325,61,23
7,0.1,600,0.8,1.0,3,2.0,0.0,0.7591801005051633,0.12152611341689216,30,0.5525959521879282,0.8604179412088726,0.8969707575306194,0.7694559202221826,0.716459931376213,24,34,143,30,13
7,0.1,900,0.8,1.0,3,2.0,0.0,0.7591801005051633,0.12152611341689216,30,0.5525959521879282,0.8604179412088726,0.8969707575306194,0.7694559202221826,0.716459931376213,24,34,143,30,13
7,0.1,1200,0.8,1.0,3,2.0,0.0,0.7591801005051633,0.12152611341689216,30,0.5525959521879282,0.8604179412088726,0.8969707575306194,0.7694559202221826,0.716459931376213,24,34,143,30,13
7,0.1,600,1.0,1.0,3,1.0,0.0,0.7587272647896605,0.1371807169135237,20,0.6468667709102196,0.8802218914458851,0.8972616264172019,0.8200134544425978,0.5492725807323982,19,37,98,20,5
7,0.1,900,1.0,1.0,3,1.0,0.0,0.7587272647896605,0.1371807169135237,20,0.6468667709102196,0.8802218914458851,0.8972616264172019,0.8200134544425978,0.5492725807323982,19,37,98,20,5
7,0.1,1200,1.0,1.0,3,1.0,0.0,0.7587272647896605,0.1371807169135237,20,0.6468667709102196,0.8802218914458851,0.8972616264172019,0.8200134544425978,0.5492725807323982,19,37,98,20,5
7,0.02,600,1.0,1.0,3,1.0,0.0,0.7586420710720992,0.14197184283028327,109,0.537445670579223,0.8836788031670098,0.9063933678885001,0.8136444469626385,0.6520480667631251,109,199,379,102,35
7,0.02,900,1.0,1.0,3,1.0,0.0,0.7586420710720992,0.14197184283028327,109,0.537445670579223,0.8836788031670098,0.9063933678885001,0.8136444469626385,0.6520480667631251,109,199,379,102,35
7,0.02,1200,1.0,1.0,3,1.0,0.0,0.7586420710720992,0.14197184283028327,109,0.537445670579223,0.8836788031670098,0.9063933678885001,0.8136444469626385,0.6520480667631251,109,199,379,102,35
5,0.1,600,0.8,1.0,3,2.0,0.0,0.7573864273266981,0.11912884813595924,30,0.5532664037658286,0.8606207501093809,0.8870759962428713,0.7694598325057207,0.7165091540096893,24,34,142,30,13
5,0.1,900,0.8,1.0,3,2.0,0.0,0.7573864273266981,0.11912884813595924,30,0.5532664037658286,0.8606207501093809,0.8870759962428713,0.7694598325057207,0.7165091540096893,24,34,142,30,13
5,0.1,1200,0.8,1.0,3,2.0,0.0,0.7573864273266981,0.11912884813595924,30,0.5532664037658286,0.8606207501093809,0.8870759962428713,0.7694598325057207,0.7165091540096893,24,34,142,30,13
3,0.1,600,1.0,0.8,1,2.0,0.1,0.7562717088301302,0.19512999183024932,33,0.4032565429141639,0.9277272355877135,0.9423779866473215,0.7247069152168004,0.7832898637846514,33,84,125,27,13
3,0.1,900,1.0,0.8,1,2.0,0.1,0.7562717088301302,0.19512999183024932,33,0.4032565429141639,0.9277272355877135,0.9423779866473215,0.7247069152168004,0.7832898637846514,33,84,125,27,13
3,0.1,1200,1.0,0.8,1,2.0,0.1,0.7562717088301302,0.19512999183024932,33,0.4032565429141639,0.9277272355877135,0.9423779866473215,0.7247069152168004,0.7832898637846514,33,84,125,27,13
7,0.1,600,0.8,1.0,3,2.0,0.1,0.7547746183525696,0.12090280809578764,30,0.5485253390261053,0.8570746598019633,0.8897938526893066,0.7654170468786278,0.7130621933668444,24,34,148,30,13
7,0.1,900,0.8,1.0,3,2.0,0.1,0.7547746183525696,0.12090280809578764,30,0.5485253390261053,0.8570746598019633,0.8897938526893066,0.7654170468786278,0.7130621933668444,24,34,148,30,13
7,0.1,1200,0.8,1.0,3,2.0,0.1,0.7547746183525696,0.12090280809578764,30,0.5485253390261053,0.8570746598019633,0.8897938526893066,0.7654170468786278,0.7130621933668444,24,34,148,30,13
3,0.1,600,1.0,0.8,1,2.0,0.0,0.7542379969564097,0.19932622681959508,32,0.39265122563256527,0.9283570943720925,0.9424699241789801,0.7209870420424676,0.7867246985559432,32,93,90,25,13
3,0.1,900,1.0,0.8,1,2.0,0.0,0.7542379969564097,0.19932622681959508,32,0.39265122563256527,0.9283570943720925,0.9424699241789801,0.7209870420424676,0.7867246985559432,32,93,90,25,13
3,0.1,1200,1.0,0.8,1,2.0,0.0,0.7542379969564097,0.19932622681959508,32,0.39265122563256527,0.9283570943720925,0.9424699241789801,0.7209870420424676,0.7867246985559432,32,93,90,25,13
3,0.02,600,1.0,0.8,1,2.0,0.1,0.7538887862836801,0.18874279732211482,190,0.4281843976989238,0.9223702634816493,0.9559246163671667,0.7617088494290177,0.7012558044416423,190,301,437,168,51
3,0.02,900,1.0,0.8,1,2.0,0.1,0.7538887862836801,0.18874279732211482,190,0.4281843976989238,0.9223702634816493,0.9559246163671667,0.7617088494290177,0.7012558044416423,190,301,437,168,51
3,0.02,1200,1.0,0.8,1,2.0,0.1,0.7538887862836801,0.18874279732211482,190,0.4281843976989238,0.9223702634816493,0.9559246163671667,0.7617088494290177,0.7012558044416423,190,301,437,168,51
3,0.1,600,1.0,0.8,3,1.0,0.1,0.7537602420130853,0.17913619833668107,26,0.4581086382207198,0.9147713974261186,0.9228122889396035,0.8312744278345708,0.6418344576444138,26,49,39,23,7
3,0.1,900,1.0,0.8,3,1.0,0.1,0.7537602420130853,0.17913619833668107,26,0.4581086382207198,0.9147713974261186,0.9228122889396035,0.8312744278345708,0.6418344576444138,26,49,39,23,7
3,0.1,1200,1.0,0.8,3,1.0,0.1,0.7537602420130853,0.17913619833668107,26,0.4581086382207198,0.9147713974261186,0.9228122889396035,0.8312744278345708,0.6418344576444138,26,49,39,23,7
5,0.1,600,0.8,1.0,3,2.0,0.1,0.7535144635369269,0.1195165731226241,30,0.5485253390261053,0.8570635797172615,0.8835156623269382,0.7654055432474848,0.7130621933668444,24,34,163,30,13
5,0.1,900,0.8,1.0,3,2.0,0.1,0.7535144635369269,0.1195165731226241,30,0.5485253390261053,0.8570635797172615,0.8835156623269382,0.7654055432474848,0.7130621933668444,24,34,163,30,13
5,0.1,1200,0.8,1.0,3,2.0,0.1,0.7535144635369269,0.1195165731226241,30,0.5485253390261053,0.8570635797172615,0.8835156623269382,0.7654055432474848,0.7130621933668444,24,34,163,30,13
7,0.02,600,1.0,0.8,3,2.0,0.0,0.7533357099123852,0.13337247365696017,128,0.5440095322991121,0.892432993257068,0.8674764032597269,0.8081370896755287,0.6546225310704901,128,237,535,126,46
7,0.02,900,1.0,0.8,3,2.0,0.0,0.7533357099123852,0.13337247365696017,128,0.5440095322991121,0.892432993257068,0.8674764032597269,0.8081370896755287,0.6546225310704901,128,237,535,126,46
7,0.02,1200,1.0,0.8,3,2.0,0.0,0.7533357099123852,0.13337247365696017,128,0.5440095322991121,0.892432993257068,0.8674764032597269,0.8081370896755287,0.6546225310704901,128,237,535,126,46
5,0.02,600,1.0,0.8,1,2.0,0.0,0.7528987997583394,0.16966374958414795,190,0.46616479492969176,0.8977961836986057,0.9490432247554133,0.7453662376934991,0.7061235577144863,190,239,599,149,51
5,0.1,600,1.0,0.8,1,1.0,0.0,0.7527315961362969,0.19223490430762996,33,0.39983445180714516,0.9161737782154555,0.935077497556416,0.767382379853454,0.7451898732490141,33,55,126,27,9
5,0.1,900,1.0,0.8,1,1.0,0.0,0.7527315961362969,0.19223490430762996,33,0.39983445180714516,0.9161737782154555,0.935077497556416,0.767382379853454,0.7451898732490141,33,55,126,27,9
5,0.1,1200,1.0,0.8,1,1.0,0.0,0.7527315961362969,0.19223490430762996,33,0.39983445180714516,0.9161737782154555,0.935077497556416,0.767382379853454,0.7451898732490141,33,55,126,27,9
5,0.02,900,1.0,0.8,1,2.0,0.0,0.7516319079206958,0.168211832047004,190,0.46616479492969176,0.8977961836986057,0.9427087655671958,0.7453662376934991,0.7061235577144863,190,239,889,149,51
3,0.02,600,1.0,1.0,3,1.0,0.0,0.7515186998979149,0.15376150660742963,109,0.5064229863619825,0.879938150458503,0.9295738007517615,0.784320385395548,0.6573381765217794,109,176,197,99,36
3,0.02,900,1.0,1.0,3,1.0,0.0,0.7515186998979149,0.15376150660742963,109,0.5064229863619825,0.879938150458503,0.9295738007517615,0.784320385395548,0.6573381765217794,109,176,197,99,36
3,0.02,1200,1.0,1.0,3,1.0,0.0,0.7515186998979149,0.15376150660742963,109,0.5064229863619825,0.879938150458503,0.9295738007517615,0.784320385395548,0.6573381765217794,109,176,197,99,36
5,0.02,600,1.0,1.0,3,1.0,0.1,0.7514768371610792,0.13767714418933485,111,0.5378620839281745,0.8775969469746328,0.891971454793584,0.8027399487759257,0.6472137513330788,111,184,481,100,35
5,0.02,900,1.0,1.0,3,1.0,0.1,0.7514768371610792,0.13767714418933485,111,0.5378620839281745,0.8775969469746328,0.891971454793584,0.8027399487759257,0.6472137513330788,111,184,481,100,35
5,0.02,1200,1.0,1.0,3,1.0,0.1,0.7514768371610792,0.13767714418933485,111,0.5378620839281745,0.8775969469746328,0.891971454793584,0.8027399487759257,0.6472137513330788,111,184,481,100,35
5,0.02,1200,1.0,0.8,1,2.0,0.0,0.7514290820735208,0.16798176788821825,190,0.46616479492969176,0.8977961836986057,0.9416946363313209,0.7453662376934991,0.7061235577144863,190,239,1126,149,51
7,0.02,600,1.0,1.0,3,1.0,0.1,0.7512085497688203,0.13739531088067242,111,0.5378620839281745,0.877603381502863,0.89055545480785,0.8028080772721355,0.6472137513330788,111,184,485,100,35
7,0.02,900,1.0,1.0,3,1.0,0.1,0.7512085497688203,0.13739531088067242,111,0.5378620839281745,0.877603381502863,0.89055545480785,0.8028080772721355,0.6472137513330788,111,184,485,100,35
7,0.02,1200,1.0,1.0,3,1.0,0.1,0.7512085497688203,0.13739531088067242,111,0.5378620839281745,0.877603381502863,0.89055545480785,0.8028080772721355,0.6472137513330788,111,184,485,100,35
7,0.02,600,1.0,0.8,1,2.0,0.0,0.7510032396949757,0.1639179596849948,175,0.4761164464988915,0.8789182501651661,0.951849984403278,0.741811433317848,0.7063200840896953,175,202,600,150,51
7,0.1,600,1.0,0.8,1,1.0,0.0,0.7508626286720042,0.18431194892204286,33,0.4149162877834215,0.900525281682705,0.9367154559868622,0.7562863539355891,0.7458697639714431,33,40,131,27,9
7,0.1,900,1.0,0.8,1,1.0,0.0,0.7508626286720042,0.18431194892204286,33,0.4149162877834215,0.900525281682705,0.9367154559868622,0.7562863539355891,0.7458697639714431,33,40,131,27,9
7,0.1,1200,1.0,0.8,1,1.0,0.0,0.7508626286720042,0.18431194892204286,33,0.4149162877834215,0.900525281682705,0.9367154559868622,0.7562863539355891,0.7458697639714431,33,40,131,27,9
7,0.02,900,1.0,0.8,1,2.0,0.0,0.7499082332700426,0.16258547509482268,175,0.4761164464988915,0.8789182501651661,0.9463749522786128,0.741811433317848,0.7063200840896953,175,202,840,150,51
7,0.02,1200,1.0,0.8,1,2.0,0.0,0.7499082332700426,0.16258547509482268,175,0.4761164464988915,0.8789182501651661,0.9463749522786128,0.741811433317848,0.7063200840896953,175,202,840,150,51
5,0.05,600,1.0,0.8,1,2.0,0.1,0.7497487074473013,0.17051499991976338,67,0.4704908334645339,0.8899533611760071,0.9578569639096233,0.7471678281254704,0.683274550560872,67,88,147,60,19
5,0.05,900,1.0,0.8,1,2.0,0.1,0.7497487074473013,0.17051499991976338,67,0.4704908334645339,0.8899533611760071,0.9578569639096233,0.7471678281254704,0.683274550560872,67,88,147,60,19
5,0.05,1200,1.0,0.8,1,2.0,0.1,0.7497487074473013,0.17051499991976338,67,0.4704908334645339,0.8899533611760071,0.9578569639096233,0.7471678281254704,0.683274550560872,67,88,147,60,19
7,0.02,600,1.0,0.8,3,2.0,0.1,0.7493607960543763,0.1613169778565617,140,0.4819909739490522,0.8920154883460205,0.9075402593540718,0.8123098074552829,0.6529474511674542,140,237,305,132,46
7,0.02,900,1.0,0.8,3,2.0,0.1,0.7493607960543763,0.1613169778565617,140,0.4819909739490522,0.8920154883460205,0.9075402593540718,0.8123098074552829,0.6529474511674542,140,237,305,132,46
7,0.02,1200,1.0,0.8,3,2.0,0.1,0.7493607960543763,0.1613169778565617,140,0.4819909739490522,0.8920154883460205,0.9075402593540718,0.8123098074552829,0.6529474511674542,140,237,305,132,46
5,0.1,600,1.0,0.8,1,2.0,0.1,0.7483927926648071,0.18442536809602672,38,0.4169862721414159,0.8733633235558679,0.9538179301965157,0.714144308796562,0.783652128633674,38,40,76,25,13
5,0.1,900,1.0,0.8,1,2.0,0.1,0.7483927926648071,0.18442536809602672,38,0.4169862721414159,0.8733633235558679,0.9538179301965157,0.714144308796562,0.783652128633674,38,40,76,25,13
5,0.1,1200,1.0,0.8,1,2.0,0.1,0.7483927926648071,0.18442536809602672,38,0.4169862721414159,0.8733633235558679,0.9538179301965157,0.714144308796562,0.783652128633674,38,40,76,25,13
3,0.05,600,1.0,0.8,1,2.0,0.1,0.7482108722205225,0.20308088225412665,69,0.4012506902863302,0.9276905039128573,0.969601806883644,0.7609281321657221,0.6815832278540586,69,121,147,65,19
3,0.05,900,1.0,0.8,1,2.0,0.1,0.7482108722205225,0.20308088225412665,69,0.4012506902863302,0.9276905039128573,0.969601806883644,0.7609281321657221,0.6815832278540586,69,121,147,65,19
3,0.05,1200,1.0,0.8,1,2.0,0.1,0.7482108722205225,0.20308088225412665,69,0.4012506902863302,0.9276905039128573,0.969601806883644,0.7609281321657221,0.6815832278540586,69,121,147,65,19
3,0.1,600,1.0,1.0,1,1.0,0.0,0.7481029356888921,0.19808407891643454,28,0.49069084053956546,0.9477170635354638,0.9745487713091064,0.5529165718661884,0.7746414311941363,28,60,46,13,10
3,0.1,900,1.0,1.0,1,1.0,0.0,0.7481029356888921,0.19808407891643454,28,0.49069084053956546,0.9477170635354638,0.9745487713091064,0.5529165718661884,0.7746414311941363,28,60,46,13,10
3,0.1,1200,1.0,1.0,1,1.0,0.0,0.7481029356888921,0.19808407891643454,28,0.49069084053956546,0.9477170635354638,0.9745487713091064,0.5529165718661884,0.7746414311941363,28,60,46,13,10
7,0.1,600,1.0,0.8,1,2.0,0.1,0.7478184448524013,0.18445693695339463,38,0.41675558087044673,0.8747850796197564,0.9522434668671083,0.7115360610984285,0.7837720358062674,38,40,83,25,13
7,0.1,900,1.0,0.8,1,2.0,0.1,0.7478184448524013,0.18445693695339463,38,0.41675558087044673,0.8747850796197564,0.9522434668671083,0.7115360610984285,0.7837720358062674,38,40,83,25,13
7,0.1,1200,1.0,0.8,1,2.0,0.1,0.7478184448524013,0.18445693695339463,38,0.41675558087044673,0.8747850796197564,0.9522434668671083,0.7115360610984285,0.7837720358062674,38,40,83,25,13
7,0.1,600,1.0,1.0,3,1.0,0.1,0.7475183164835147,0.1464103731844532,22,0.5385398386001681,0.8784163798029613,0.8984505791664481,0.8134140320586881,0.6087707527893083,22,36,77,20,6
7,0.1,900,1.0,1.0,3,1.0,0.1,0.7475183164835147,0.1464103731844532,22,0.5385398386001681,0.8784163798029613,0.8984505791664481,0.8134140320586881,0.6087707527893083,22,36,77,20,6
7,0.1,1200,1.0,1.0,3,1.0,0.1,0.7475183164835147,0.1464103731844532,22,0.5385398386001681,0.8784163798029613,0.8984505791664481,0.8134140320586881,0.6087707527893083,22,36,77,20,6
7,0.05,600,1.0,0.8,1,1.0,0.1,0.7472908201829483,0.18208533133110208,61,0.4763928335858384,0.9267142617706136,0.9581565842634132,0.7531899773570828,0.6220004439377935,61,106,147,53,13
7,0.05,900,1.0,0.8,1,1.0,0.1,0.7472908201829483,0.18208533133110208,61,0.4763928335858384,0.9267142617706136,0.9581565842634132,0.7531899773570828,0.6220004439377935,61,106,147,53,13
7,0.05,1200,1.0,0.8,1,1.0,0.1,0.7472908201829483,0.18208533133110208,61,0.4763928335858384,0.9267142617706136,0.9581565842634132,0.7531899773570828,0.6220004439377935,61,106,147,53,13
7,0.05,600,0.8,1.0,1,2.0,0.0,0.7472796716247891,0.16376245867697684,45,0.5072654264936134,0.9371940583328581,0.9224319295225221,0.6537773725429978,0.7157295712319542,45,186,250,43,23
7,0.05,900,0.8,1.0,1,2.0,0.0,0.7472796716247891,0.16376245867697684,45,0.5072654264936134,0.9371940583328581,0.9224319295225221,0.6537773725429978,0.7157295712319542,45,186,250,43,23
7,0.05,1200,0.8,1.0,1,2.0,0.0,0.7472796716247891,0.16376245867697684,45,0.5072654264936134,0.9371940583328581,0.9224319295225221,0.6537773725429978,0.7157295712319542,45,186,250,43,23
5,0.05,600,1.0,0.8,1,1.0,0.1,0.746367556463904,0.18411127674346867,61,0.46901817818687186,0.9308269976432131,0.9536004720269212,0.7564798260249113,0.6219123084376026,61,115,147,53,13
5,0.05,900,1.0,0.8,1,1.0,0.1,0.746367556463904,0.18411127674346867,61,0.46901817818687186,0.9308269976432131,0.9536004720269212,0.7564798260249113,0.6219123084376026,61,115,147,53,13
5,0.05,1200,1.0,0.8,1,1.0,0.1,0.746367556463904,0.18411127674346867,61,0.46901817818687186,0.9308269976432131,0.9536004720269212,0.7564798260249113,0.6219123084376026,61,115,147,53,13
5,0.02,1200,0.8,1.0,1,1.0,0.1,0.7462761189364355,0.15962947882539083,110,0.5254329057674604,0.9353128767862173,0.913554155025787,0.6249538751648803,0.7321267819378332,110,1200,524,83,49
5,0.02,900,0.8,1.0,1,1.0,0.1,0.7461885031184848,0.15952578473672707,110,0.5254329057674604,0.9348747976964635,0.913554155025787,0.6249538751648803,0.7321267819378332,110,894,524,83,49
3,0.05,600,1.0,1.0,1,1.0,0.1,0.746018974411938,0.18704229084413374,59,0.5287546886692345,0.9421411382074478,0.9747259552118147,0.5544642502448145,0.7300088397263784,59,207,107,27,18
3,0.05,900,1.0,1.0,1,1.0,0.1,0.746018974411938,0.18704229084413374,59,0.5287546886692345,0.9421411382074478,0.9747259552118147,0.5544642502448145,0.7300088397263784,59,207,107,27,18
3,0.05,1200,1.0,1.0,1,1.0,0.1,0.746018974411938,0.18704229084413374,59,0.5287546886692345,0.9421411382074478,0.9747259552118147,0.5544642502448145,0.7300088397263784,59,207,107,27,18
5,0.02,600,0.8,1.0,1,1.0,0.1,0.7459520690735014,0.15924658825977747,110,0.5254329057674604,0.9336926274715466,0.913554155025787,0.6249538751648803,0.7321267819378332,110,599,524,83,49
3,0.1,600,1.0,1.0,3,1.0,0.0,0.745820391083622,0.1589096196127268,21,0.5670349638975609,0.8877575393303724,0.9197175640526157,0.8086723623423759,0.5459195257951848,20,36,39,21,5
3,0.1,900,1.0,1.0,3,1.0,0.0,0.745820391083622,0.1589096196127268,21,0.5670349638975609,0.8877575393303724,0.9197175640526157,0.8086723623423759,0.5459195257951848,20,36,39,21,5
3,0.1,1200,1.0,1.0,3,1.0,0.0,0.745820391083622,0.1589096196127268,21,0.5670349638975609,0.8877575393303724,0.9197175640526157,0.8086723623423759,0.5459195257951848,20,36,39,21,5
3,0.1,600,1.0,0.8,3,2.0,0.1,0.7456294361646512,0.17621891182450816,27,0.4867978586809618,0.8979203824957729,0.9346395299031867,0.8183108690479731,0.5904785406953617,26,48,42,27,7
3,0.1,900,1.0,0.8,3,2.0,0.1,0.7456294361646512,0.17621891182450816,27,0.4867978586809618,0.8979203824957729,0.9346395299031867,0.8183108690479731,0.5904785406953617,26,48,42,27,7
3,0.1,1200,1.0,0.8,3,2.0,0.1,0.7456294361646512,0.17621891182450816,27,0.4867978586809618,0.8979203824957729,0.9346395299031867,0.8183108690479731,0.5904785406953617,26,48,42,27,7
7,0.05,600,1.0,0.8,1,2.0,0.0,0.7456263699408148,0.16556247947882263,67,0.4710582747448432,0.8837504835133116,0.9432824797827829,0.7437201606026895,0.6863204510604471,67,83,503,60,19
7,0.05,900,1.0,0.8,1,2.0,0.0,0.7456263699408148,0.16556247947882263,67,0.4710582747448432,0.8837504835133116,0.9432824797827829,0.7437201606026895,0.6863204510604471,67,83,503,60,19
7,0.05,1200,1.0,0.8,1,2.0,0.0,0.7456263699408148,0.16556247947882263,67,0.4710582747448432,0.8837504835133116,0.9432824797827829,0.7437201606026895,0.6863204510604471,67,83,503,60,19
7,0.1,600,0.8,1.0,1,2.0,0.1,0.7454615143414735,0.16641220217228975,26,0.4999042941130325,0.9304588526090333,0.9304737575803803,0.7146122067511222,0.6518584606537992,24,66,166,26,10
7,0.1,900,0.8,1.0,1,2.0,0.1,0.7454615143414735,0.16641220217228975,26,0.4999042941130325,0.9304588526090333,0.9304737575803803,0.7146122067511222,0.6518584606537992,24,66,166,26,10
7,0.1,1200,0.8,1.0,1,2.0,0.1,0.7454615143414735,0.16641220217228975,26,0.4999042941130325,0.9304588526090333,0.9304737575803803,0.7146122067511222,0.6518584606537992,24,66,166,26,10
3,0.02,600,1.0,0.8,1,2.0,0.0,0.7449987155932236,0.18275266094609424,189,0.4422475558018545,0.911763632285618,0.9515573651239274,0.7441157480480003,0.6753092767067179,189,270,467,147,46
3,0.02,900,1.0,0.8,1,2.0,0.0,0.7449987155932236,0.18275266094609424,189,0.4422475558018545,0.911763632285618,0.9515573651239274,0.7441157480480003,0.6753092767067179,189,270,467,147,46
3,0.02,1200,1.0,0.8,1,2.0,0.0,0.7449987155932236,0.18275266094609424,189,0.4422475558018545,0.911763632285618,0.9515573651239274,0.7441157480480003,0.6753092767067179,189,270,467,147,46
5,0.05,600,0.8,1.0,1,2.0,0.0,0.7442606366919142,0.16264827871474943,45,0.5190074389361644,0.9358224758419578,0.9204430253879484,0.630322671424995,0.7157075718685053,45,184,304,40,23
5,0.05,900,0.8,1.0,1,2.0,0.0,0.7442606366919142,0.16264827871474943,45,0.5190074389361644,0.9358224758419578,0.9204430253879484,0.630322671424995,0.7157075718685053,45,184,304,40,23
5,0.05,1200,0.8,1.0,1,2.0,0.0,0.7442606366919142,0.16264827871474943,45,0.5190074389361644,0.9358224758419578,0.9204430253879484,0.630322671424995,0.7157075718685053,45,184,304,40,23
7,0.02,600,0.8,1.0,1,1.0,0.1,0.7439704320666876,0.15909035931892415,110,0.5217818565529304,0.931468472418536,0.9100690207289455,0.624402435454755,0.7321303751782704,110,409,524,83,49
7,0.02,900,0.8,1.0,1,1.0,0.1,0.7439704320666876,0.15909035931892415,110,0.5217818565529304,0.931468472418536,0.9100690207289455,0.624402435454755,0.7321303751782704,110,409,524,83,49
7,0.02,1200,0.8,1.0,1,1.0,0.1,0.7439704320666876,0.15909035931892415,110,0.5217818565529304,0.931468472418536,0.9100690207289455,0.624402435454755,0.7321303751782704,110,409,524,83,49
3,0.1,600,1.0,0.8,3,2.0,0.0,0.7436143188103845,0.17632875628737402,26,0.4814359736006385,0.9012180703215464,0.9287930153251376,0.8136369336008545,0.5929876012037449,26,49,42,25,7
3,0.1,900,1.0,0.8,3,2.0,0.0,0.7436143188103845,0.17632875628737402,26,0.4814359736006385,0.9012180703215464,0.9287930153251376,0.8136369336008545,0.5929876012037449,26,49,42,25,7
3,0.1,1200,1.0,0.8,3,2.0,0.0,0.7436143188103845,0.17632875628737402,26,0.4814359736006385,0.9012180703215464,0.9287930153251376,0.8136369336008545,0.5929876012037449,26,49,42,25,7
3,0.1,600,1.0,1.0,3,1.0,0.1,0.7428340598832829,0.17760443325498754,22,0.47183171640699484,0.8874538113924003,0.9448395297405354,0.8042544484445651,0.6057907934319191,22,37,34,21,6
3,0.1,900,1.0,1.0,3,1.0,0.1,0.7428340598832829,0.17760443325498754,22,0.47183171640699484,0.8874538113924003,0.9448395297405354,0.8042544484445651,0.6057907934319191,22,37,34,21,6
3,0.1,1200,1.0,1.0,3,1.0,0.1,0.7428340598832829,0.17760443325498754,22,0.47183171640699484,0.8874538113924003,0.9448395297405354,0.8042544484445651,0.6057907934319191,22,37,34,21,6
5,0.1,600,1.0,0.8,1,2.0,0.0,0.7426458997664117,0.18326957577842767,33,0.4064684174549117,0.8717807844919165,0.9312456741369082,0.7164580950105175,0.7872765277378044,33,40,262,25,13
5,0.1,900,1.0,0.8,1,2.0,0.0,0.7426458997664117,0.18326957577842767,33,0.4064684174549117,0.8717807844919165,0.9312456741369082,0.7164580950105175,0.7872765277378044,33,40,262,25,13
5,0.1,1200,1.0,0.8,1,2.0,0.0,0.7426458997664117,0.18326957577842767,33,0.4064684174549117,0.8717807844919165,0.9312456741369082,0.7164580950105175,0.7872765277378044,33,40,262,25,13
5,0.05,600,0.8,1.0,1,2.0,0.1,0.7415870285490603,0.17337163498793864,64,0.48088685461184866,0.9354753510830063,0.9297724371137853,0.6496605428606304,0.7121399570760313,64,205,294,43,23
5,0.05,900,0.8,1.0,1,2.0,0.1,0.7415870285490603,0.17337163498793864,64,0.48088685461184866,0.9354753510830063,0.9297724371137853,0.6496605428606304,0.7121399570760313,64,205,294,43,23
5,0.05,1200,0.8,1.0,1,2.0,0.1,0.7415870285490603,0.17337163498793864,64,0.48088685461184866,0.9354753510830063,0.9297724371137853,0.6496605428606304,0.7121399570760313,64,205,294,43,23
3,0.05,600,1.0,1.0,1,1.0,0.0,0.7415500123510987,0.19179993127888598,56,0.511771145519095,0.9448428677871585,0.9771157745783964,0.5580754929525602,0.7159447809182832,56,600,84,27,17
3,0.05,900,1.0,1.0,1,1.0,0.0,0.7414683302683919,0.19171340474461626,56,0.511771145519095,0.9444344573736245,0.9771157745783964,0.5580754929525602,0.7159447809182832,56,782,84,27,17
3,0.05,1200,1.0,1.0,1,1.0,0.0,0.7414683302683919,0.19171340474461626,56,0.511771145519095,0.9444344573736245,0.9771157745783964,0.5580754929525602,0.7159447809182832,56,782,84,27,17
7,0.1,600,1.0,0.8,1,2.0,0.0,0.740899592201457,0.18497705157474964,33,0.40193436061021226,0.8712061369533111,0.9312618577730056,0.7126302097511956,0.78746539591956,33,40,178,25,13
7,0.1,900,1.0,0.8,1,2.0,0.0,0.740899592201457,0.18497705157474964,33,0.40193436061021226,0.8712061369533111,0.9312618577730056,0.7126302097511956,0.78746539591956,33,40,178,25,13
7,0.1,1200,1.0,0.8,1,2.0,0.0,0.740899592201457,0.18497705157474964,33,0.40193436061021226,0.8712061369533111,0.9312618577730056,0.7126302097511956,0.78746539591956,33,40,178,25,13
5,0.02,1200,0.8,1.0,1,1.0,0.0,0.7408866881725023,0.16698538021729023,110,0.49516826328810115,0.9335479591705672,0.9119710108785253,0.6285363219149979,0.7352098856103195,110,1198,332,81,49
5,0.02,900,0.8,1.0,1,1.0,0.0,0.7408704401521482,0.16696663598994985,110,0.49516826328810115,0.9334667190687971,0.9119710108785253,0.6285363219149979,0.7352098856103195,110,898,332,81,49
5,0.02,600,0.8,1.0,1,1.0,0.0,0.7407646366868552,0.1668446810775509,110,0.49516826328810115,0.9329377017423324,0.9119710108785253,0.6285363219149979,0.7352098856103195,110,600,332,81,49
7,0.05,600,0.8,1.0,1,2.0,0.1,0.7407193645914933,0.17336103142698064,58,0.47896771188383047,0.9347053214314848,0.9279382980220231,0.6498455956689722,0.7121398959511566,58,205,285,43,23
7,0.05,900,0.8,1.0,1,2.0,0.1,0.7407193645914933,0.17336103142698064,58,0.47896771188383047,0.9347053214314848,0.9279382980220231,0.6498455956689722,0.7121398959511566,58,205,285,43,23
7,0.05,1200,0.8,1.0,1,2.0,0.1,0.7407193645914933,0.17336103142698064,58,0.47896771188383047,0.9347053214314848,0.9279382980220231,0.6498455956689722,0.7121398959511566,58,205,285,43,23
3,0.05,600,0.8,0.8,3,1.0,0.1,0.7403572830488988,0.20638165165758054,55,0.3821336764398503,0.9014490436729217,0.9440722658526431,0.8297230402206717,0.6444083890584069,52,101,74,55,18
3,0.05,900,0.8,0.8,3,1.0,0.1,0.7403572830488988,0.20638165165758054,55,0.3821336764398503,0.9014490436729217,0.9440722658526431,0.8297230402206717,0.6444083890584069,52,101,74,55,18
3,0.05,1200,0.8,0.8,3,1.0,0.1,0.7403572830488988,0.20638165165758054,55,0.3821336764398503,0.9014490436729217,0.9440722658526431,0.8297230402206717,0.6444083890584069,52,101,74,55,18
5,0.05,600,0.8,0.8,1,1.0,0.0,0.7403280826397884,0.20817869793666083,68,0.349798465935382,0.8812635505729931,0.937516859701374,0.8115812315173011,0.7214803054718912,52,84,299,68,19
5,0.05,900,0.8,0.8,1,1.0,0.0,0.7403280826397884,0.20817869793666083,68,0.349798465935382,0.8812635505729931,0.937516859701374,0.8115812315173011,0.7214803054718912,52,84,299,68,19
5,0.05,1200,0.8,0.8,1,1.0,0.0,0.7403280826397884,0.20817869793666083,68,0.349798465935382,0.8812635505729931,0.937516859701374,0.8115812315173011,0.7214803054718912,52,84,299,68,19
7,0.05,600,1.0,0.8,1,1.0,0.0,0.7398066621554001,0.17883295205211255,55,0.4641359940079368,0.9149167305846759,0.9402375290243896,0.7534667439344207,0.6262763132255773,51,88,239,55,13
7,0.05,900,1.0,0.8,1,1.0,0.0,0.7398066621554001,0.17883295205211255,55,0.4641359940079368,0.9149167305846759,0.9402375290243896,0.7534667439344207,0.6262763132255773,51,88,239,55,13
7,0.05,1200,1.0,0.8,1,1.0,0.0,0.7398066621554001,0.17883295205211255,55,0.4641359940079368,0.9149167305846759,0.9402375290243896,0.7534667439344207,0.6262763132255773,51,88,239,55,13
5,0.1,600,1.0,1.0,3,1.0,0.1,0.7397543848861764,0.13904393408132387,22,0.5385398386001681,0.8783842815571703,0.8596630194255475,0.8134140320586881,0.6087707527893083,22,36,217,20,6
5,0.1,900,1.0,1.0,3,1.0,0.1,0.7397543848861764,0.13904393408132387,22,0.5385398386001681,0.8783842815571703,0.8596630194255475,0.8134140320586881,0.6087707527893083,22,36,217,20,6
5,0.1,1200,1.0,1.0,3,1.0,0.1,0.7397543848861764,0.13904393408132387,22,0.5385398386001681,0.8783842815571703,0.8596630194255475,0.8134140320586881,0.6087707527893083,22,36,217,20,6
5,0.05,600,1.0,0.8,1,2.0,0.0,0.739498331855418,0.17646252107173752,73,0.43774999464568276,0.8835759505753034,0.9418806201222345,0.7481790951807845,0.6861059987530851,73,83,540,59,19
5,0.05,900,1.0,0.8,1,2.0,0.0,0.739498331855418,0.17646252107173752,73,0.43774999464568276,0.8835759505753034,0.9418806201222345,0.7481790951807845,0.6861059987530851,73,83,540,59,19
5,0.05,1200,1.0,0.8,1,2.0,0.0,0.739498331855418,0.17646252107173752,73,0.43774999464568276,0.8835759505753034,0.9418806201222345,0.7481790951807845,0.6861059987530851,73,83,540,59,19
3,0.02,600,0.8,1.0,3,1.0,0.0,0.7394478581672088,0.1495161909845044,110,0.4738661811715533,0.8990786893964073,0.8520861124053328,0.775155980802718,0.6970523270600324,110,186,581,109,49
7,0.02,600,0.8,1.0,1,1.0,0.0,0.7389035911971018,0.17029782819223002,110,0.48620669410636774,0.9338489445423552,0.913269050151795,0.6260777242212086,0.7351155429637821,110,594,332,81,49
7,0.02,900,0.8,1.0,1,1.0,0.0,0.7389035911971018,0.17029782819223002,110,0.48620669410636774,0.9338489445423552,0.913269050151795,0.6260777242212086,0.7351155429637821,110,594,332,81,49
7,0.02,1200,0.8,1.0,1,1.0,0.0,0.7389035911971018,0.17029782819223002,110,0.48620669410636774,0.9338489445423552,0.913269050151795,0.6260777242212086,0.7351155429637821,110,594,332,81,49
3,0.02,600,1.0,0.8,3,2.0,0.0,0.7386688453601247,0.17502438620555047,135,0.51731448485811,0.8978001946341635,0.9241357091797396,0.8127942181575432,0.5412996199710671,133,237,223,135,32
3,0.02,900,1.0,0.8,3,2.0,0.0,0.7386688453601247,0.17502438620555047,135,0.51731448485811,0.8978001946341635,0.9241357091797396,0.8127942181575432,0.5412996199710671,133,237,223,135,32
3,0.02,1200,1.0,0.8,3,2.0,0.0,0.7386688453601247,0.17502438620555047,135,0.51731448485811,0.8978001946341635,0.9241357091797396,0.8127942181575432,0.5412996199710671,133,237,223,135,32
7,0.05,600,0.8,0.8,3,2.0,0.1,0.7377012524610327,0.18473183089179696,68,0.5301026964162403,0.885587512611895,0.936481444946632,0.8362122913770432,0.5001223169533526,52,101,85,68,14
7,0.05,900,0.8,0.8,3,2.0,0.1,0.7377012524610327,0.18473183089179696,68,0.5301026964162403,0.885587512611895,0.936481444946632,0.8362122913770432,0.5001223169533526,52,101,85,68,14
7,0.05,1200,0.8,0.8,3,2.0,0.1,0.7377012524610327,0.18473183089179696,68,0.5301026964162403,0.885587512611895,0.936481444946632,0.8362122913770432,0.5001223169533526,52,101,85,68,14
3,0.02,900,0.8,1.0,3,1.0,0.0,0.7374025282239014,0.14802384968819227,110,0.4738661811715533,0.8990786893964073,0.8418594626887961,0.775155980802718,0.6970523270600324,110,186,899,109,49
5,0.1,600,1.0,0.8,3,2.0,0.0,0.7373357177973,0.15633993484504782,26,0.5100616240987328,0.9036237501708366,0.8598043913054725,0.8206492690514791,0.5925395543599787,26,49,102,25,7
5,0.1,900,1.0,0.8,3,2.0,0.0,0.7373357177973,0.15633993484504782,26,0.5100616240987328,0.9036237501708366,0.8598043913054725,0.8206492690514791,0.5925395543599787,26,49,102,25,7
5,0.1,1200,1.0,0.8,3,2.0,0.0,0.7373357177973,0.15633993484504782,26,0.5100616240987328,0.9036237501708366,0.8598043913054725,0.8206492690514791,0.5925395543599787,26,49,102,25,7
3,0.02,600,1.0,1.0,3,1.0,0.1,0.737178353074958,0.17050811912871103,113,0.4881154948061365,0.8808762882483399,0.932476800874636,0.7934493958059641,0.5909737856397143,113,181,204,105,30
3,0.02,900,1.0,1.0,3,1.0,0.1,0.737178353074958,0.17050811912871103,113,0.4881154948061365,0.8808762882483399,0.932476800874636,0.7934493958059641,0.5909737856397143,113,181,204,105,30
3,0.02,1200,1.0,1.0,3,1.0,0.1,0.737178353074958,0.17050811912871103,113,0.4881154948061365,0.8808762882483399,0.932476800874636,0.7934493958059641,0.5909737856397143,113,181,204,105,30
3,0.02,1200,0.8,1.0,3,1.0,0.0,0.7368086657038282,0.14760895857163484,110,0.4738661811715533,0.8990786893964073,0.8388901500884292,0.775155980802718,0.6970523270600324,110,186,1159,109,49
7,0.05,600,1.0,1.0,3,2.0,0.0,0.7366405188631211,0.17089396248460612,50,0.5723401002506228,0.8717607170139151,0.9291184985557295,0.8137222046918087,0.4962610738035297,47,83,137,50,11
7,0.05,900,1.0,1.0,3,2.0,0.0,0.7366405188631211,0.17089396248460612,50,0.5723401002506228,0.8717607170139151,0.9291184985557295,0.8137222046918087,0.4962610738035297,47,83,137,50,11
7,0.05,1200,1.0,1.0,3,2.0,0.0,0.7366405188631211,0.17089396248460612,50,0.5723401002506228,0.8717607170139151,0.9291184985557295,0.8137222046918087,0.4962610738035297,47,83,137,50,11
7,0.05,600,0.8,0.8,1,1.0,0.0,0.7365128238622562,0.21025631209378637,68,0.3425656709797992,0.8778559996466908,0.936675963011484,0.8097759269379884,0.7156905587353193,52,81,296,68,19
7,0.05,900,0.8,0.8,1,1.0,0.0,0.7365128238622562,0.21025631209378637,68,0.3425656709797992,0.8778559996466908,0.936675963011484,0.8097759269379884,0.7156905587353193,52,81,296,68,19
7,0.05,1200,0.8,0.8,1,1.0,0.0,0.7365128238622562,0.21025631209378637,68,0.3425656709797992,0.8778559996466908,0.936675963011484,0.8097759269379884,0.7156905587353193,52,81,296,68,19
5,0.05,600,0.8,0.8,3,2.0,0.1,0.73621907287415,0.18317881130222902,68,0.5301026964162403,0.8852753517249405,0.9294799433401363,0.83611505593608,0.5001223169533526,52,101,109,68,14
5,0.05,900,0.8,0.8,3,2.0,0.1,0.73621907287415,0.18317881130222902,68,0.5301026964162403,0.8852753517249405,0.9294799433401363,0.83611505593608,0.5001223169533526,52,101,109,68,14
5,0.05,1200,0.8,0.8,3,2.0,0.1,0.73621907287415,0.18317881130222902,68,0.5301026964162403,0.8852753517249405,0.9294799433401363,0.83611505593608,0.5001223169533526,52,101,109,68,14
3,0.1,600,1.0,1.0,1,1.0,0.1,0.736103169119354,0.20735863474226116,28,0.45865610189402595,0.9459692920002966,0.9818083820722786,0.5528811358135661,0.741200933816603,28,94,45,13,9
3,0.1,900,1.0,1.0,1,1.0,0.1,0.736103169119354,0.20735863474226116,28,0.45865610189402595,0.9459692920002966,0.9818083820722786,0.5528811358135661,0.741200933816603,28,94,45,13,9
3,0.1,1200,1.0,1.0,1,1.0,0.1,0.736103169119354,0.20735863474226116,28,0.45865610189402595,0.9459692920002966,0.9818083820722786,0.5528811358135661,0.741200933816603,28,94,45,13,9
7,0.1,600,1.0,1.0,1,1.0,0.0,0.7347083686758574,0.20002105214536234,18,0.4465697317307914,0.9416867141146986,0.9570480720365534,0.578160998549266,0.7500763269479774,18,138,50,13,9
7,0.1,900,1.0,1.0,1,1.0,0.0,0.7347083686758574,0.20002105214536234,18,0.4465697317307914,0.9416867141146986,0.9570480720365534,0.578160998549266,0.7500763269479774,18,138,50,13,9
7,0.1,1200,1.0,1.0,1,1.0,0.0,0.7347083686758574,0.20002105214536234,18,0.4465697317307914,0.9416867141146986,0.9570480720365534,0.578160998549266,0.7500763269479774,18,138,50,13,9
3,0.02,600,1.0,0.8,3,2.0,0.1,0.7340298531412648,0.1799538756008138,137,0.49896640752070065,0.8947183839459147,0.9254501642959735,0.8121633136237536,0.5388509963199819,133,240,234,137,32
3,0.02,900,1.0,0.8,3,2.0,0.1,0.7340298531412648,0.1799538756008138,137,0.49896640752070065,0.8947183839459147,0.9254501642959735,0.8121633136237536,0.5388509963199819,133,240,234,137,32
3,0.02,1200,1.0,0.8,3,2.0,0.1,0.7340298531412648,0.1799538756008138,137,0.49896640752070065,0.8947183839459147,0.9254501642959735,0.8121633136237536,0.5388509963199819,133,240,234,137,32
5,0.1,600,1.0,0.8,3,2.0,0.1,0.7339096413847905,0.15823716608683333,27,0.5008259658720087,0.9002385146458927,0.8498628116538605,0.8287808143310104,0.5898401004211804,26,48,118,27,7
5,0.1,900,1.0,0.8,3,2.0,0.1,0.7339096413847905,0.15823716608683333,27,0.5008259658720087,0.9002385146458927,0.8498628116538605,0.8287808143310104,0.5898401004211804,26,48,118,27,7
5,0.1,1200,1.0,0.8,3,2.0,0.1,0.7339096413847905,0.15823716608683333,27,0.5008259658720087,0.9002385146458927,0.8498628116538605,0.8287808143310104,0.5898401004211804,26,48,118,27,7
3,0.05,600,0.8,0.8,3,2.0,0.1,0.7338616834149774,0.19013419605303566,68,0.5090949191208044,0.8862154814471297,0.9396076804977238,0.8342326197453586,0.50015771626387,52,101,89,68,14
3,0.05,900,0.8,0.8,3,2.0,0.1,0.7338616834149774,0.19013419605303566,68,0.5090949191208044,0.8862154814471297,0.9396076804977238,0.8342326197453586,0.50015771626387,52,101,89,68,14
3,0.05,1200,0.8,0.8,3,2.0,0.1,0.7338616834149774,0.19013419605303566,68,0.5090949191208044,0.8862154814471297,0.9396076804977238,0.8342326197453586,0.50015771626387,52,101,89,68,14
7,0.1,600,1.0,0.8,3,2.0,0.0,0.7337674887401882,0.15407419405883938,26,0.5087432571093718,0.900980962714835,0.8464113492564149,0.8201623202603401,0.5925395543599787,26,49,102,25,7
7,0.1,900,1.0,0.8,3,2.0,0.0,0.7337674887401882,0.15407419405883938,26,0.5087432571093718,0.900980962714835,0.8464113492564149,0.8201623202603401,0.5925395543599787,26,49,102,25,7
7,0.1,1200,1.0,0.8,3,2.0,0.0,0.7337674887401882,0.15407419405883938,26,0.5087432571093718,0.900980962714835,0.8464113492564149,0.8201623202603401,0.5925395543599787,26,49,102,25,7
5,0.05,600,0.8,1.0,3,2.0,0.0,0.733713124421134,0.1625809005176386,54,0.569059966099928,0.8906817704653799,0.9192344142942934,0.7676397985079926,0.5219496727380759,47,88,148,54,15
5,0.05,900,0.8,1.0,3,2.0,0.0,0.733713124421134,0.1625809005176386,54,0.569059966099928,0.8906817704653799,0.9192344142942934,0.7676397985079926,0.5219496727380759,47,88,148,54,15
5,0.05,1200,0.8,1.0,3,2.0,0.0,0.733713124421134,0.1625809005176386,54,0.569059966099928,0.8906817704653799,0.9192344142942934,0.7676397985079926,0.5219496727380759,47,88,148,54,15
7,0.05,600,0.8,0.8,3,2.0,0.0,0.7333286912255994,0.18691064684488845,63,0.5137306455406658,0.8859553689346475,0.9360234617558083,0.8280464383759276,0.5028875415209477,52,101,85,63,14
7,0.05,900,0.8,0.8,3,2.0,0.0,0.7333286912255994,0.18691064684488845,63,0.5137306455406658,0.8859553689346475,0.9360234617558083,0.8280464383759276,0.5028875415209477,52,101,85,63,14
7,0.05,1200,0.8,0.8,3,2.0,0.0,0.7333286912255994,0.18691064684488845,63,0.5137306455406658,0.8859553689346475,0.9360234617558083,0.8280464383759276,0.5028875415209477,52,101,85,63,14
7,0.05,600,0.8,1.0,3,2.0,0.0,0.7331525007947359,0.1627426031636545,52,0.569059966099928,0.8906750509813846,0.9206739092619697,0.7634039048923217,0.5219496727380759,47,88,148,52,15
7,0.05,900,0.8,1.0,3,2.0,0.0,0.7331525007947359,0.1627426031636545,52,0.569059966099928,0.8906750509813846,0.9206739092619697,0.7634039048923217,0.5219496727380759,47,88,148,52,15
7,0.05,1200,0.8,1.0,3,2.0,0.0,0.7331525007947359,0.1627426031636545,52,0.569059966099928,0.8906750509813846,0.9206739092619697,0.7634039048923217,0.5219496727380759,47,88,148,52,15
3,0.05,600,1.0,1.0,3,1.0,0.1,0.7331068192670621,0.17468319717235442,46,0.48839701002573466,0.8767954158164891,0.935529321246873,0.796260935858893,0.5685514133873213,46,69,78,42,11
3,0.05,900,1.0,1.0,3,1.0,0.1,0.7331068192670621,0.17468319717235442,46,0.48839701002573466,0.8767954158164891,0.935529321246873,0.796260935858893,0.5685514133873213,46,69,78,42,11
3,0.05,1200,1.0,1.0,3,1.0,0.1,0.7331068192670621,0.17468319717235442,46,0.48839701002573466,0.8767954158164891,0.935529321246873,0.796260935858893,0.5685514133873213,46,69,78,42,11
5,0.1,600,1.0,1.0,1,1.0,0.0,0.7328808731978074,0.19158307569101388,18,0.4596830831376846,0.9428363303352373,0.9341015506070349,0.5778879940868391,0.7498954078222405,18,149,164,13,9
5,0.1,900,1.0,1.0,1,1.0,0.0,0.7328808731978074,0.19158307569101388,18,0.4596830831376846,0.9428363303352373,0.9341015506070349,0.5778879940868391,0.7498954078222405,18,149,164,13,9
5,0.1,1200,1.0,1.0,1,1.0,0.0,0.7328808731978074,0.19158307569101388,18,0.4596830831376846,0.9428363303352373,0.9341015506070349,0.5778879940868391,0.7498954078222405,18,149,164,13,9
5,0.02,600,1.0,0.8,1,1.0,0.0,0.732667205257848,0.2057754300198991,140,0.3754900746617129,0.926015580801438,0.9401800973939785,0.7478574788919712,0.6737927945401396,140,267,600,126,38
3,0.02,600,0.8,1.0,1,1.0,0.1,0.7325322613687847,0.18712832665512497,128,0.4611916250198187,0.9356207990314064,0.9380370655528864,0.5984728092222815,0.729339008017531,128,564,333,83,49
3,0.02,900,0.8,1.0,1,1.0,0.1,0.7325322613687847,0.18712832665512497,128,0.4611916250198187,0.9356207990314064,0.9380370655528864,0.5984728092222815,0.729339008017531,128,564,333,83,49
3,0.02,1200,0.8,1.0,1,1.0,0.1,0.7325322613687847,0.18712832665512497,128,0.4611916250198187,0.9356207990314064,0.9380370655528864,0.5984728092222815,0.729339008017531,128,564,333,83,49
5,0.02,900,1.0,0.8,1,1.0,0.0,0.732407488767151,0.20551401015564988,140,0.3754900746617129,0.926015580801438,0.9388815149404933,0.7478574788919712,0.6737927945401396,140,267,683,126,38
5,0.02,1200,1.0,0.8,1,1.0,0.0,0.732407488767151,0.20551401015564988,140,0.3754900746617129,0.926015580801438,0.9388815149404933,0.7478574788919712,0.6737927945401396,140,267,683,126,38
7,0.1,600,1.0,0.8,3,2.0,0.1,0.732135919942196,0.15721443191912862,26,0.5008259658720087,0.9022969015706566,0.8433409726193195,0.8243756592278147,0.5898401004211804,26,49,132,26,7
7,0.1,900,1.0,0.8,3,2.0,0.1,0.732135919942196,0.15721443191912862,26,0.5008259658720087,0.9022969015706566,0.8433409726193195,0.8243756592278147,0.5898401004211804,26,49,132,26,7
7,0.1,1200,1.0,0.8,3,2.0,0.1,0.732135919942196,0.15721443191912862,26,0.5008259658720087,0.9022969015706566,0.8433409726193195,0.8243756592278147,0.5898401004211804,26,49,132,26,7
5,0.05,600,1.0,1.0,3,2.0,0.0,0.7314726130081147,0.16542744851450922,50,0.5723401002506228,0.8692453739973942,0.9060606961855604,0.8134558208034661,0.4962610738035297,47,81,243,50,11
5,0.05,900,1.0,1.0,3,2.0,0.0,0.7314726130081147,0.16542744851450922,50,0.5723401002506228,0.8692453739973942,0.9060606961855604,0.8134558208034661,0.4962610738035297,47,81,243,50,11
5,0.05,1200,1.0,1.0,3,2.0,0.0,0.7314726130081147,0.16542744851450922,50,0.5723401002506228,0.8692453739973942,0.9060606961855604,0.8134558208034661,0.4962610738035297,47,81,243,50,11
3,0.02,600,1.0,1.0,1,1.0,0.1,0.7314563030993698,0.20187029146477517,146,0.4678931451565881,0.9422804427093598,0.96982710150101,0.5497711259154976,0.7275097002143935,146,522,285,68,45
3,0.02,900,1.0,1.0,1,1.0,0.1,0.7314563030993698,0.20187029146477517,146,0.4678931451565881,0.9422804427093598,0.96982710150101,0.5497711259154976,0.7275097002143935,146,522,285,68,45
3,0.02,1200,1.0,1.0,1,1.0,0.1,0.7314563030993698,0.20187029146477517,146,0.4678931451565881,0.9422804427093598,0.96982710150101,0.5497711259154976,0.7275097002143935,146,522,285,68,45
3,0.02,600,1.0,1.0,1,1.0,0.0,0.7288659540485855,0.1991488707215163,136,0.4876338586621717,0.9487593443223171,0.9705986997059598,0.5514608623085206,0.6858770052439576,136,556,236,67,39
3,0.02,900,1.0,1.0,1,1.0,0.0,0.7288659540485855,0.1991488707215163,136,0.4876338586621717,0.9487593443223171,0.9705986997059598,0.5514608623085206,0.6858770052439576,136,556,236,67,39
3,0.02,1200,1.0,1.0,1,1.0,0.0,0.7288659540485855,0.1991488707215163,136,0.4876338586621717,0.9487593443223171,0.9705986997059598,0.5514608623085206,0.6858770052439576,136,556,236,67,39
5,0.1,600,1.0,0.8,3,1.0,0.1,0.7287527297857961,0.1764280984201806,26,0.42137213350648006,0.8975720263956977,0.8452722725486201,0.8368093241237402,0.6427378923544422,26,40,102,23,7
5,0.1,900,1.0,0.8,3,1.0,0.1,0.7287527297857961,0.1764280984201806,26,0.42137213350648006,0.8975720263956977,0.8452722725486201,0.8368093241237402,0.6427378923544422,26,40,102,23,7
5,0.1,1200,1.0,0.8,3,1.0,0.1,0.7287527297857961,0.1764280984201806,26,0.42137213350648006,0.8975720263956977,0.8452722725486201,0.8368093241237402,0.6427378923544422,26,40,102,23,7
3,0.1,600,0.8,1.0,3,1.0,0.0,0.7286073677466811,0.15517677891718284,25,0.551895321553824,0.9281544976402376,0.8584754261016974,0.7543051031334013,0.5502064903042452,20,46,469,25,8
3,0.1,900,0.8,1.0,3,1.0,0.0,0.7286073677466811,0.15517677891718284,25,0.551895321553824,0.9281544976402376,0.8584754261016974,0.7543051031334013,0.5502064903042452,20,46,469,25,8
3,0.1,1200,0.8,1.0,3,1.0,0.0,0.7286073677466811,0.15517677891718284,25,0.551895321553824,0.9281544976402376,0.8584754261016974,0.7543051031334013,0.5502064903042452,20,46,469,25,8
7,0.02,600,0.8,1.0,3,1.0,0.0,0.7275764018944593,0.15826389556667725,114,0.48847413130837547,0.8969544964487568,0.8658582494731178,0.7879192389864489,0.5986758932555969,110,186,578,114,37
5,0.02,600,0.8,1.0,3,1.0,0.0,0.7272177345165629,0.15791737648242682,114,0.4885944968453304,0.897389405859876,0.8635551268584196,0.7878737497635916,0.5986758932555969,110,186,582,114,37
5,0.02,900,0.8,1.0,3,1.0,0.0,0.7272177345165629,0.15791737648242682,114,0.4885944968453304,0.897389405859876,0.8635551268584196,0.7878737497635916,0.5986758932555969,110,186,582,114,37
5,0.02,1200,0.8,1.0,3,1.0,0.0,0.7272177345165629,0.15791737648242682,114,0.4885944968453304,0.897389405859876,0.8635551268584196,0.7878737497635916,0.5986758932555969,110,186,582,114,37
3,0.02,600,0.8,1.0,1,2.0,0.1,0.726889535190225,0.18590329060642286,152,0.4992306915445458,0.936237714543145,0.9390724841107745,0.7115932202187198,0.54831356553394,152,468,589,139,37
3,0.02,900,0.8,1.0,1,2.0,0.1,0.726889535190225,0.18590329060642286,152,0.4992306915445458,0.936237714543145,0.9390724841107745,0.7115932202187198,0.54831356553394,152,468,589,139,37
3,0.02,1200,0.8,1.0,1,2.0,0.1,0.726889535190225,0.18590329060642286,152,0.4992306915445458,0.936237714543145,0.9390724841107745,0.7115932202187198,0.54831356553394,152,468,589,139,37
7,0.05,600,0.8,0.8,1,1.0,0.1,0.7267500717981749,0.23060550795570564,74,0.2925434196496529,0.8734017160784475,0.9511276197078853,0.8002398771098813,0.7164377264450075,74,81,195,68,19
7,0.05,900,0.8,0.8,1,1.0,0.1,0.7267500717981749,0.23060550795570564,74,0.2925434196496529,0.8734017160784475,0.9511276197078853,0.8002398771098813,0.7164377264450075,74,81,195,68,19
7,0.05,1200,0.8,0.8,1,1.0,0.1,0.7267500717981749,0.23060550795570564,74,0.2925434196496529,0.8734017160784475,0.9511276197078853,0.8002398771098813,0.7164377264450075,74,81,195,68,19
5,0.05,600,1.0,0.8,1,1.0,0.0,0.7267497435646921,0.20133950855522553,61,0.39474592538230513,0.9171035324241117,0.939358628076496,0.7564883003276197,0.6260523316129281,61,88,272,52,13
5,0.05,900,1.0,0.8,1,1.0,0.0,0.7267497435646921,0.20133950855522553,61,0.39474592538230513,0.9171035324241117,0.939358628076496,0.7564883003276197,0.6260523316129281,61,88,272,52,13
5,0.05,1200,1.0,0.8,1,1.0,0.0,0.7267497435646921,0.20133950855522553,61,0.39474592538230513,0.9171035324241117,0.939358628076496,0.7564883003276197,0.6260523316129281,61,88,272,52,13
3,0.05,600,0.8,1.0,1,2.0,0.0,0.7266142331175736,0.19407247363942334,64,0.4301235119146447,0.9362203039393437,0.936467659524909,0.6157332261702777,0.7145264640386929,64,191,317,40,23
3,0.05,900,0.8,1.0,1,2.0,0.0,0.7266142331175736,0.19407247363942334,64,0.4301235119146447,0.9362203039393437,0.936467659524909,0.6157332261702777,0.7145264640386929,64,191,317,40,23
3,0.05,1200,0.8,1.0,1,2.0,0.0,0.7266142331175736,0.19407247363942334,64,0.4301235119146447,0.9362203039393437,0.936467659524909,0.6157332261702777,0.7145264640386929,64,191,317,40,23
7,0.05,600,0.8,0.8,3,1.0,0.0,0.7265282037079639,0.18591780119303908,54,0.3928041173505439,0.8975587977389781,0.8563151541671983,0.8290565620194896,0.6569063872636097,52,95,274,54,19
7,0.05,900,0.8,0.8,3,1.0,0.0,0.7265282037079639,0.18591780119303908,54,0.3928041173505439,0.8975587977389781,0.8563151541671983,0.8290565620194896,0.6569063872636097,52,95,274,54,19
7,0.05,1200,0.8,0.8,3,1.0,0.0,0.7265282037079639,0.18591780119303908,54,0.3928041173505439,0.8975587977389781,0.8563151541671983,0.8290565620194896,0.6569063872636097,52,95,274,54,19
3,0.1,1200,0.8,1.0,3,1.0,0.1,0.7264672005787154,0.15445911524170805,24,0.5593265618266396,0.9248913434747488,0.8622441015475393,0.7419066941036447,0.5439673019410045,20,46,1019,24,8
7,0.05,600,1.0,1.0,3,2.0,0.1,0.7264366663635341,0.16959321012906045,49,0.555269328556275,0.8701032270786898,0.9117534442243302,0.8009491554902576,0.49410817646811767,49,81,182,49,11
7,0.05,900,1.0,1.0,3,2.0,0.1,0.7264366663635341,0.16959321012906045,49,0.555269328556275,0.8701032270786898,0.9117534442243302,0.8009491554902576,0.49410817646811767,49,81,182,49,11
7,0.05,1200,1.0,1.0,3,2.0,0.1,0.7264366663635341,0.16959321012906045,49,0.555269328556275,0.8701032270786898,0.9117534442243302,0.8009491554902576,0.49410817646811767,49,81,182,49,11
5,0.05,600,1.0,1.0,3,2.0,0.1,0.7263658545031507,0.16953566322641744,49,0.555269328556275,0.8700930402918661,0.9115574147938029,0.8008013124056919,0.49410817646811767,49,81,181,49,11
5,0.05,900,1.0,1.0,3,2.0,0.1,0.7263658545031507,0.16953566322641744,49,0.555269328556275,0.8700930402918661,0.9115574147938029,0.8008013124056919,0.49410817646811767,49,81,181,49,11
5,0.05,1200,1.0,1.0,3,2.0,0.1,0.7263658545031507,0.16953566322641744,49,0.555269328556275,0.8700930402918661,0.9115574147938029,0.8008013124056919,0.49410817646811767,49,81,181,49,11
5,0.02,600,0.8,0.8,1,2.0,0.0,0.7262062941041881,0.18680708928376932,163,0.5043800279531299,0.9128594458415402,0.9370196048012662,0.7620210623697383,0.5147513295552661,146,412,600,163,33
5,0.1,600,0.8,1.0,1,1.0,0.0,0.7262002643561598,0.1783654997320619,20,0.45925577304120657,0.937650887275372,0.9076412101504081,0.6967556693749433,0.6296977819388686,20,65,94,20,8
5,0.1,900,0.8,1.0,1,1.0,0.0,0.7262002643561598,0.1783654997320619,20,0.45925577304120657,0.937650887275372,0.9076412101504081,0.6967556693749433,0.6296977819388686,20,65,94,20,8
5,0.1,1200,0.8,1.0,1,1.0,0.0,0.7262002643561598,0.1783654997320619,20,0.45925577304120657,0.937650887275372,0.9076412101504081,0.6967556693749433,0.6296977819388686,20,65,94,20,8
3,0.1,900,0.8,1.0,3,1.0,0.1,0.7261631778386923,0.15419283209549112,24,0.5593265618266396,0.9248913434747488,0.8607239878474243,0.7419066941036447,0.5439673019410045,20,46,862,24,8
5,0.05,600,0.8,0.8,1,1.0,0.1,0.7261421099318944,0.23190692104745364,74,0.2893030170150187,0.8732478167866513,0.9516646803201794,0.8001621564979273,0.7163328790396957,74,81,271,68,19
5,0.05,900,0.8,0.8,1,1.0,0.1,0.7261421099318944,0.23190692104745364,74,0.2893030170150187,0.8732478167866513,0.9516646803201794,0.8001621564979273,0.7163328790396957,74,81,271,68,19
5,0.05,1200,0.8,0.8,1,1.0,0.1,0.7261421099318944,0.23190692104745364,74,0.2893030170150187,0.8732478167866513,0.9516646803201794,0.8001621564979273,0.7163328790396957,74,81,271,68,19
7,0.02,600,0.8,1.0,3,1.0,0.1,0.7261097837909758,0.15752311416048068,114,0.4911667758659449,0.8945911617371061,0.8670155498238495,0.7833812768908432,0.5943941546371351,110,186,574,114,37
3,0.1,600,1.0,1.0,1,2.0,0.1,0.7259874751400373,0.1991229693028384,35,0.5016044696919861,0.9419269709672111,0.9728626179066028,0.6839079910235314,0.5296353261108553,35,129,66,25,6
3,0.1,900,1.0,1.0,1,2.0,0.1,0.7259874751400373,0.1991229693028384,35,0.5016044696919861,0.9419269709672111,0.9728626179066028,0.6839079910235314,0.5296353261108553,35,129,66,25,6
3,0.1,1200,1.0,1.0,1,2.0,0.1,0.7259874751400373,0.1991229693028384,35,0.5016044696919861,0.9419269709672111,0.9728626179066028,0.6839079910235314,0.5296353261108553,35,129,66,25,6
5,0.02,600,0.8,1.0,3,1.0,0.1,0.725885460687193,0.15734435269707453,114,0.4911667758659449,0.8946608102349923,0.866003654800408,0.7832019078974841,0.5943941546371351,110,186,581,114,37
3,0.05,600,1.0,0.8,1,2.0,0.0,0.7258848661617959,0.22353323687204116,73,0.35032853630092664,0.9355113915104396,0.9617665501826616,0.7490591685575891,0.6327586842573629,73,179,167,60,16
3,0.05,900,1.0,0.8,1,2.0,0.0,0.7258848661617959,0.22353323687204116,73,0.35032853630092664,0.9355113915104396,0.9617665501826616,0.7490591685575891,0.6327586842573629,73,179,167,60,16
3,0.05,1200,1.0,0.8,1,2.0,0.0,0.7258848661617959,0.22353323687204116,73,0.35032853630092664,0.9355113915104396,0.9617665501826616,0.7490591685575891,0.6327586842573629,73,179,167,60,16
7,0.02,600,0.8,0.8,1,2.0,0.0,0.7258780328880129,0.18681683194170554,163,0.5037285704454731,0.9126804970190251,0.9366844408961189,0.7614867959480245,0.5148098601314229,146,412,597,163,33
3,0.1,600,0.8,1.0,3,1.0,0.1,0.7258264691064673,0.1539001863586244,24,0.5593265618266396,0.9248913434747488,0.8590404441862994,0.7419066941036447,0.5439673019410045,20,46,596,24,8
7,0.02,600,1.0,1.0,3,2.0,0.0,0.7257162131515417,0.1831689960553427,125,0.5753843882831169,0.8709663630489829,0.924851155566421,0.8097615007380993,0.4476176581210878,119,209,345,125,24
7,0.02,900,1.0,1.0,3,2.0,0.0,0.7257162131515417,0.1831689960553427,125,0.5753843882831169,0.8709663630489829,0.924851155566421,0.8097615007380993,0.4476176581210878,119,209,345,125,24
7,0.02,1200,1.0,1.0,3,2.0,0.0,0.7257162131515417,0.1831689960553427,125,0.5753843882831169,0.8709663630489829,0.924851155566421,0.8097615007380993,0.4476176581210878,119,209,345,125,24
3,0.02,600,0.8,1.0,1,1.0,0.0,0.7256760919906977,0.1896453415130733,123,0.4549646231599218,0.9308507201546797,0.934132854538547,0.5808057213587214,0.7276265407416187,123,364,298,76,49
3,0.02,900,0.8,1.0,1,1.0,0.0,0.7256760919906977,0.1896453415130733,123,0.4549646231599218,0.9308507201546797,0.934132854538547,0.5808057213587214,0.7276265407416187,123,364,298,76,49
3,0.02,1200,0.8,1.0,1,1.0,0.0,0.7256760919906977,0.1896453415130733,123,0.4549646231599218,0.9308507201546797,0.934132854538547,0.5808057213587214,0.7276265407416187,123,364,298,76,49
5,0.02,600,1.0,1.0,3,2.0,0.0,0.7255022199054663,0.18286731991214686,125,0.5753843882831169,0.8728215957521327,0.92220246242306,0.8094849949479336,0.4476176581210878,119,211,364,125,24
5,0.02,900,1.0,1.0,3,2.0,0.0,0.7255022199054663,0.18286731991214686,125,0.5753843882831169,0.8728215957521327,0.92220246242306,0.8094849949479336,0.4476176581210878,119,211,364,125,24
5,0.02,1200,1.0,1.0,3,2.0,0.0,0.7255022199054663,0.18286731991214686,125,0.5753843882831169,0.8728215957521327,0.92220246242306,0.8094849949479336,0.4476176581210878,119,211,364,125,24
5,0.1,600,0.8,1.0,1,2.0,0.0,0.7249573709081093,0.1821268032844806,26,0.4937812728686153,0.9310247099925075,0.9274350317159544,0.7175676277817739,0.5549782121816954,25,65,84,26,8
5,0.1,900,0.8,1.0,1,2.0,0.0,0.7249573709081093,0.1821268032844806,26,0.4937812728686153,0.9310247099925075,0.9274350317159544,0.7175676277817739,0.5549782121816954,25,65,84,26,8
5,0.1,1200,0.8,1.0,1,2.0,0.0,0.7249573709081093,0.1821268032844806,26,0.4937812728686153,0.9310247099925075,0.9274350317159544,0.7175676277817739,0.5549782121816954,25,65,84,26,8
7,0.02,600,0.8,1.0,1,2.0,0.0,0.7248472529190421,0.17610897105822274,152,0.5075727869952209,0.9335380186728307,0.9323215607649769,0.6526736730415477,0.5981302251206342,152,390,369,108,42
7,0.02,900,0.8,1.0,1,2.0,0.0,0.7248472529190421,0.17610897105822274,152,0.5075727869952209,0.9335380186728307,0.9323215607649769,0.6526736730415477,0.5981302251206342,152,390,369,108,42
7,0.02,1200,0.8,1.0,1,2.0,0.0,0.7248472529190421,0.17610897105822274,152,0.5075727869952209,0.9335380186728307,0.9323215607649769,0.6526736730415477,0.5981302251206342,152,390,369,108,42
5,0.02,900,0.8,0.8,1,2.0,0.0,0.724814115469955,0.18525026768710418,163,0.5043800279531299,0.9128594458415402,0.9300587116301002,0.7620210623697383,0.5147513295552661,146,412,897,163,33
5,0.05,600,0.8,1.0,3,1.0,0.1,0.7247242828234574,0.15155281295391143,46,0.5109534387860816,0.8587918020376436,0.9029130709875995,0.7608286794888877,0.5901344228170742,46,57,147,44,15
5,0.05,900,0.8,1.0,3,1.0,0.1,0.7247242828234574,0.15155281295391143,46,0.5109534387860816,0.8587918020376436,0.9029130709875995,0.7608286794888877,0.5901344228170742,46,57,147,44,15
5,0.05,1200,0.8,1.0,3,1.0,0.1,0.7247242828234574,0.15155281295391143,46,0.5109534387860816,0.8587918020376436,0.9029130709875995,0.7608286794888877,0.5901344228170742,46,57,147,44,15
7,0.02,900,0.8,0.8,1,2.0,0.0,0.7246308969144575,0.18542098473343227,163,0.5037285704454731,0.9126804970190251,0.9304487610283412,0.7614867959480245,0.5148098601314229,146,412,832,163,33
7,0.02,900,0.8,1.0,3,1.0,0.0,0.7245641891351589,0.15572631650256544,114,0.48847413130837547,0.8969544964487568,0.8507971856766166,0.7879192389864489,0.5986758932555969,110,186,886,114,37
7,0.02,1200,0.8,1.0,3,1.0,0.0,0.7245641891351589,0.15572631650256544,114,0.48847413130837547,0.8969544964487568,0.8507971856766166,0.7879192389864489,0.5986758932555969,110,186,886,114,37
7,0.1,600,0.8,1.0,1,2.0,0.0,0.7243545718648782,0.179973710036241,26,0.4948637775086534,0.9305859325306114,0.9194465973529218,0.7218983397505087,0.5549782121816954,25,65,95,26,8
7,0.1,900,0.8,1.0,1,2.0,0.0,0.7243545718648782,0.179973710036241,26,0.4948637775086534,0.9305859325306114,0.9194465973529218,0.7218983397505087,0.5549782121816954,25,65,95,26,8
7,0.1,1200,0.8,1.0,1,2.0,0.0,0.7243545718648782,0.179973710036241,26,0.4948637775086534,0.9305859325306114,0.9194465973529218,0.7218983397505087,0.5549782121816954,25,65,95,26,8
5,0.02,1200,0.8,0.8,1,2.0,0.0,0.7242639775103893,0.18464302477633734,163,0.5043800279531299,0.9128594458415402,0.927308021832272,0.7620210623697383,0.5147513295552661,146,412,1200,163,33
7,0.02,600,1.0,0.8,1,1.0,0.0,0.7239592992003889,0.21973026402813103,140,0.3344263485555198,0.9246901498986212,0.9392535116619047,0.7472894418778577,0.674137044008041,140,267,600,132,38
7,0.02,900,1.0,0.8,1,1.0,0.0,0.7239533168186162,0.21972440266998772,140,0.3344263485555198,0.9246901498986212,0.9392235997530408,0.7472894418778577,0.674137044008041,140,267,604,132,38
7,0.02,1200,1.0,0.8,1,1.0,0.0,0.7239533168186162,0.21972440266998772,140,0.3344263485555198,0.9246901498986212,0.9392235997530408,0.7472894418778577,0.674137044008041,140,267,604,132,38
7,0.02,1200,0.8,0.8,1,2.0,0.0,0.7239059155043084,0.18462019315605138,163,0.5037285704454731,0.9126804970190251,0.9268238539775964,0.7614867959480245,0.5148098601314229,146,412,1157,163,33
3,0.1,600,1.0,1.0,3,2.0,0.1,0.7234578427953029,0.1945670003540222,27,0.4584077904278647,0.8755441755509559,0.9525506334645222,0.80080622753977,0.5299803869934019,27,40,45,26,6
3,0.1,900,1.0,1.0,3,2.0,0.1,0.7234578427953029,0.1945670003540222,27,0.4584077904278647,0.8755441755509559,0.9525506334645222,0.80080622753977,0.5299803869934019,27,40,45,26,6
3,0.1,1200,1.0,1.0,3,2.0,0.1,0.7234578427953029,0.1945670003540222,27,0.4584077904278647,0.8755441755509559,0.9525506334645222,0.80080622753977,0.5299803869934019,27,40,45,26,6
5,0.02,900,0.8,1.0,3,1.0,0.1,0.7232147875242672,0.15503985134449305,114,0.4911667758659449,0.8946608102349923,0.8526502889857792,0.7832019078974841,0.5943941546371351,110,186,900,114,37
7,0.02,900,0.8,1.0,3,1.0,0.1,0.7231879949731479,0.15499769389018378,114,0.4911667758659449,0.8945911617371061,0.8524066057347102,0.7833812768908432,0.5943941546371351,110,186,900,114,37
5,0.05,600,0.8,1.0,3,2.0,0.1,0.7229500766033057,0.1695400205447549,54,0.5299704770299921,0.8885290473261942,0.9116126862856188,0.7657396637086955,0.5188985086660282,50,88,156,54,15
5,0.05,900,0.8,1.0,3,2.0,0.1,0.7229500766033057,0.1695400205447549,54,0.5299704770299921,0.8885290473261942,0.9116126862856188,0.7657396637086955,0.5188985086660282,50,88,156,54,15
5,0.05,1200,0.8,1.0,3,2.0,0.1,0.7229500766033057,0.1695400205447549,54,0.5299704770299921,0.8885290473261942,0.9116126862856188,0.7657396637086955,0.5188985086660282,50,88,156,54,15
3,0.05,600,1.0,0.8,1,1.0,0.1,0.7228463203286537,0.22041948923101243,61,0.35983110796787177,0.9216917654078157,0.9662266046396418,0.7511862048887363,0.6152959187392029,61,93,137,52,13
3,0.05,900,1.0,0.8,1,1.0,0.1,0.7228463203286537,0.22041948923101243,61,0.35983110796787177,0.9216917654078157,0.9662266046396418,0.7511862048887363,0.6152959187392029,61,93,137,52,13
3,0.05,1200,1.0,0.8,1,1.0,0.1,0.7228463203286537,0.22041948923101243,61,0.35983110796787177,0.9216917654078157,0.9662266046396418,0.7511862048887363,0.6152959187392029,61,93,137,52,13
5,0.02,1200,0.8,1.0,3,1.0,0.1,0.7227509359406619,0.15465490103269805,114,0.4911667758659449,0.8946608102349923,0.8503310310677529,0.7832019078974841,0.5943941546371351,110,186,1003,114,37
7,0.02,1200,0.8,1.0,3,1.0,0.1,0.722735947273835,0.15462301429075367,114,0.4911667758659449,0.8945911617371061,0.8501463672381462,0.7833812768908432,0.5943941546371351,110,186,1003,114,37
7,0.05,600,0.8,1.0,3,2.0,0.1,0.7226246786407534,0.16915192981544258,54,0.5299704770299921,0.8885807390168905,0.9097839936642402,0.7658896748266163,0.5188985086660282,50,88,157,54,15
7,0.05,900,0.8,1.0,3,2.0,0.1,0.7226246786407534,0.16915192981544258,54,0.5299704770299921,0.8885807390168905,0.9097839936642402,0.7658896748266163,0.5188985086660282,50,88,157,54,15
7,0.05,1200,0.8,1.0,3,2.0,0.1,0.7226246786407534,0.16915192981544258,54,0.5299704770299921,0.8885807390168905,0.9097839936642402,0.7658896748266163,0.5188985086660282,50,88,157,54,15
3,0.05,600,0.8,1.0,1,1.0,0.1,0.7224236085697446,0.1846953310617075,45,0.4858695570821736,0.9324491196718871,0.9461635228153034,0.6460393051987436,0.6015965380806154,45,128,146,36,14
3,0.05,900,0.8,1.0,1,1.0,0.1,0.7224236085697446,0.1846953310617075,45,0.4858695570821736,0.9324491196718871,0.9461635228153034,0.6460393051987436,0.6015965380806154,45,128,146,36,14
3,0.05,1200,0.8,1.0,1,1.0,0.1,0.7224236085697446,0.1846953310617075,45,0.4858695570821736,0.9324491196718871,0.9461635228153034,0.6460393051987436,0.6015965380806154,45,128,146,36,14
7,0.1,600,1.0,0.8,3,1.0,0.1,0.722073944897389,0.1727528359656059,26,0.42137213350648006,0.9005522902800673,0.8099253722214664,0.8357820361244888,0.6427378923544422,26,41,221,23,7
7,0.1,900,1.0,0.8,3,1.0,0.1,0.722073944897389,0.1727528359656059,26,0.42137213350648006,0.9005522902800673,0.8099253722214664,0.8357820361244888,0.6427378923544422,26,41,221,23,7
7,0.1,1200,1.0,0.8,3,1.0,0.1,0.722073944897389,0.1727528359656059,26,0.42137213350648006,0.9005522902800673,0.8099253722214664,0.8357820361244888,0.6427378923544422,26,41,221,23,7
7,0.1,600,1.0,1.0,1,2.0,0.1,0.7219000997735412,0.17988102377818174,35,0.595224144674656,0.9416133675552539,0.9382652412636332,0.6045243476456164,0.529873397728547,35,151,148,17,6
7,0.1,900,1.0,1.0,1,2.0,0.1,0.7219000997735412,0.17988102377818174,35,0.595224144674656,0.9416133675552539,0.9382652412636332,0.6045243476456164,0.529873397728547,35,151,148,17,6
7,0.1,1200,1.0,1.0,1,2.0,0.1,0.7219000997735412,0.17988102377818174,35,0.595224144674656,0.9416133675552539,0.9382652412636332,0.6045243476456164,0.529873397728547,35,151,148,17,6
3,0.02,600,1.0,0.8,1,1.0,0.1,0.7216063271804103,0.20710138773839074,158,0.39074715902177737,0.9178045212824958,0.9556643987859781,0.7300899539753662,0.6137256028364342,158,228,390,117,33
3,0.02,900,1.0,0.8,1,1.0,0.1,0.7216063271804103,0.20710138773839074,158,0.39074715902177737,0.9178045212824958,0.9556643987859781,0.7300899539753662,0.6137256028364342,158,228,390,117,33
3,0.02,1200,1.0,0.8,1,1.0,0.1,0.7216063271804103,0.20710138773839074,158,0.39074715902177737,0.9178045212824958,0.9556643987859781,0.7300899539753662,0.6137256028364342,158,228,390,117,33
5,0.05,600,0.8,1.0,1,1.0,0.1,0.7215485591623714,0.17563481816595103,43,0.5087250608268106,0.9367243297142904,0.9184877071324669,0.6666238173132512,0.5771818808250377,43,411,323,36,13
5,0.05,900,0.8,1.0,1,1.0,0.1,0.7215485591623714,0.17563481816595103,43,0.5087250608268106,0.9367243297142904,0.9184877071324669,0.6666238173132512,0.5771818808250377,43,411,323,36,13
5,0.05,1200,0.8,1.0,1,1.0,0.1,0.7215485591623714,0.17563481816595103,43,0.5087250608268106,0.9367243297142904,0.9184877071324669,0.6666238173132512,0.5771818808250377,43,411,323,36,13
5,0.05,600,0.8,0.8,3,2.0,0.0,0.721527023132087,0.1747091134433875,63,0.5150221299647281,0.8859641434053522,0.8758094508146222,0.8279518499547844,0.5028875415209477,52,101,242,63,14
5,0.05,900,0.8,0.8,3,2.0,0.0,0.721527023132087,0.1747091134433875,63,0.5150221299647281,0.8859641434053522,0.8758094508146222,0.8279518499547844,0.5028875415209477,52,101,242,63,14
5,0.05,1200,0.8,0.8,3,2.0,0.0,0.721527023132087,0.1747091134433875,63,0.5150221299647281,0.8859641434053522,0.8758094508146222,0.8279518499547844,0.5028875415209477,52,101,242,63,14
7,0.02,600,0.8,1.0,3,2.0,0.0,0.7213737917637424,0.16681515575657224,137,0.5112655832866146,0.8885843197949427,0.8854173082370459,0.7888306142523949,0.5327711332477137,129,215,574,137,37
3,0.05,600,0.8,1.0,3,2.0,0.1,0.7212171395373633,0.18183227453105583,52,0.5019825382519716,0.8891632571722531,0.9373038015333142,0.7587607579185954,0.5188753428106825,51,88,99,52,15
3,0.05,900,0.8,1.0,3,2.0,0.1,0.7212171395373633,0.18183227453105583,52,0.5019825382519716,0.8891632571722531,0.9373038015333142,0.7587607579185954,0.5188753428106825,51,88,99,52,15
3,0.05,1200,0.8,1.0,3,2.0,0.1,0.7212171395373633,0.18183227453105583,52,0.5019825382519716,0.8891632571722531,0.9373038015333142,0.7587607579185954,0.5188753428106825,51,88,99,52,15
3,0.1,600,0.8,1.0,1,2.0,0.1,0.721182641017951,0.2195961987826694,37,0.38650208987614376,0.9343452178882312,0.9445174541808304,0.7898595969260659,0.5506888462184837,30,100,166,37,8
3,0.1,900,0.8,1.0,1,2.0,0.1,0.721182641017951,0.2195961987826694,37,0.38650208987614376,0.9343452178882312,0.9445174541808304,0.7898595969260659,0.5506888462184837,30,100,166,37,8
3,0.1,1200,0.8,1.0,1,2.0,0.1,0.721182641017951,0.2195961987826694,37,0.38650208987614376,0.9343452178882312,0.9445174541808304,0.7898595969260659,0.5506888462184837,30,100,166,37,8
5,0.02,600,0.8,1.0,3,2.0,0.0,0.7210490262216582,0.16633037492373456,137,0.5116336387905269,0.890312339150591,0.8815533419459333,0.7889746779735262,0.5327711332477137,129,215,584,137,37
5,0.02,600,0.8,1.0,1,2.0,0.0,0.7205030521210282,0.17145981659628357,152,0.5066564080954142,0.9341696798120667,0.9104761575184425,0.6530659275027562,0.5981470876764615,152,393,598,108,42
5,0.02,900,0.8,1.0,1,2.0,0.0,0.7205030521210282,0.17145981659628357,152,0.5066564080954142,0.9341696798120667,0.9104761575184425,0.6530659275027562,0.5981470876764615,152,393,598,108,42
5,0.02,1200,0.8,1.0,1,2.0,0.0,0.7205030521210282,0.17145981659628357,152,0.5066564080954142,0.9341696798120667,0.9104761575184425,0.6530659275027562,0.5981470876764615,152,393,598,108,42
5,0.05,600,1.0,1.0,1,2.0,0.1,0.7200644839023829,0.19053774284843775,69,0.5986669895733341,0.9418490718908219,0.9540708235242026,0.6117275627775367,0.49400797174601896,69,310,213,36,11
5,0.05,900,1.0,1.0,1,2.0,0.1,0.7200644839023829,0.19053774284843775,69,0.5986669895733341,0.9418490718908219,0.9540708235242026,0.6117275627775367,0.49400797174601896,69,310,213,36,11
5,0.05,1200,1.0,1.0,1,2.0,0.1,0.7200644839023829,0.19053774284843775,69,0.5986669895733341,0.9418490718908219,0.9540708235242026,0.6117275627775367,0.49400797174601896,69,310,213,36,11
7,0.05,600,1.0,1.0,1,2.0,0.1,0.7196827536809726,0.18686193308293736,71,0.6074662484839894,0.9424016020759332,0.9428425642177968,0.6116953818811243,0.49400797174601896,71,314,218,36,11
7,0.05,900,1.0,1.0,1,2.0,0.1,0.7196827536809726,0.18686193308293736,71,0.6074662484839894,0.9424016020759332,0.9428425642177968,0.6116953818811243,0.49400797174601896,71,314,218,36,11
7,0.05,1200,1.0,1.0,1,2.0,0.1,0.7196827536809726,0.18686193308293736,71,0.6074662484839894,0.9424016020759332,0.9428425642177968,0.6116953818811243,0.49400797174601896,71,314,218,36,11
7,0.1,1200,0.8,1.0,3,1.0,0.1,0.7196711991238205,0.15243025108131533,25,0.5560646728270424,0.8887032930972603,0.8696233431261611,0.7566104394244451,0.5273542471441937,20,34,934,25,7
7,0.1,900,0.8,1.0,3,1.0,0.1,0.7196619363291792,0.15242113972831478,25,0.5560646728270424,0.8887032930972603,0.8695770291529545,0.7566104394244451,0.5273542471441937,20,34,862,25,7
3,0.05,600,0.8,1.0,3,1.0,0.1,0.7195321687499209,0.15266281706033544,44,0.501862343651512,0.9123206317271761,0.8346272750284656,0.7600582081065071,0.5887923852359433,43,89,591,44,15
7,0.05,600,0.8,1.0,1,1.0,0.1,0.7194862292846721,0.1740700075044548,43,0.5062148886722655,0.9283777598685179,0.9180737725594358,0.6675828444981033,0.5771818808250377,43,120,292,36,13
7,0.05,900,0.8,1.0,1,1.0,0.1,0.7194862292846721,0.1740700075044548,43,0.5062148886722655,0.9283777598685179,0.9180737725594358,0.6675828444981033,0.5771818808250377,43,120,292,36,13
7,0.05,1200,0.8,1.0,1,1.0,0.1,0.7194862292846721,0.1740700075044548,43,0.5062148886722655,0.9283777598685179,0.9180737725594358,0.6675828444981033,0.5771818808250377,43,120,292,36,13
7,0.1,600,0.8,1.0,3,1.0,0.1,0.7194795964921739,0.15224212899247974,25,0.5560646728270424,0.8887032930972603,0.8686653299679279,0.7566104394244451,0.5273542471441937,20,34,590,25,7
7,0.05,600,0.8,1.0,3,1.0,0.0,0.7193838034695258,0.13370599479709128,44,0.5302461822593663,0.8610777388437132,0.8458458222737356,0.764791253356883,0.5949580206139311,43,57,318,44,15
7,0.05,900,0.8,1.0,3,1.0,0.0,0.7193838034695258,0.13370599479709128,44,0.5302461822593663,0.8610777388437132,0.8458458222737356,0.764791253356883,0.5949580206139311,43,57,318,44,15
7,0.05,1200,0.8,1.0,3,1.0,0.0,0.7193838034695258,0.13370599479709128,44,0.5302461822593663,0.8610777388437132,0.8458458222737356,0.764791253356883,0.5949580206139311,43,57,318,44,15
3,0.05,1200,0.8,1.0,3,1.0,0.1,0.7193085339777333,0.15249477770434555,44,0.501862343651512,0.9123206317271761,0.8335091011675281,0.7600582081065071,0.5887923852359433,43,89,1159,44,15
7,0.1,600,0.8,1.0,3,1.0,0.0,0.7191628246610952,0.14671696318259297,25,0.5614236456491908,0.8897638769071101,0.8565383793079777,0.752407581092601,0.5356806403485963,20,34,309,25,7
7,0.1,900,0.8,1.0,3,1.0,0.0,0.7191628246610952,0.14671696318259297,25,0.5614236456491908,0.8897638769071101,0.8565383793079777,0.752407581092601,0.5356806403485963,20,34,309,25,7
7,0.1,1200,0.8,1.0,3,1.0,0.0,0.7191628246610952,0.14671696318259297,25,0.5614236456491908,0.8897638769071101,0.8565383793079777,0.752407581092601,0.5356806403485963,20,34,309,25,7
3,0.05,900,0.8,1.0,3,1.0,0.1,0.7191540021100155,0.1523793210826383,44,0.501862343651512,0.9123206317271761,0.8327364418289387,0.7600582081065071,0.5887923852359433,43,89,887,44,15
7,0.1,600,0.8,1.0,1,1.0,0.0,0.7190690797726846,0.19203135882387992,21,0.4143690751601271,0.937096652640418,0.9083958965518265,0.7057451343676575,0.629738640143394,21,66,93,21,8
7,0.1,900,0.8,1.0,1,1.0,0.0,0.7190690797726846,0.19203135882387992,21,0.4143690751601271,0.937096652640418,0.9083958965518265,0.7057451343676575,0.629738640143394,21,66,93,21,8
7,0.1,1200,0.8,1.0,1,1.0,0.0,0.7190690797726846,0.19203135882387992,21,0.4143690751601271,0.937096652640418,0.9083958965518265,0.7057451343676575,0.629738640143394,21,66,93,21,8
3,0.05,600,1.0,0.8,1,1.0,0.0,0.7187078139733056,0.21692176699313256,61,0.3572473382160851,0.9072039762370425,0.9599533242662569,0.7499897999754087,0.6191446311717347,61,84,151,52,13
3,0.05,900,1.0,0.8,1,1.0,0.0,0.7187078139733056,0.21692176699313256,61,0.3572473382160851,0.9072039762370425,0.9599533242662569,0.7499897999754087,0.6191446311717347,61,84,151,52,13
3,0.05,1200,1.0,0.8,1,1.0,0.0,0.7187078139733056,0.21692176699313256,61,0.3572473382160851,0.9072039762370425,0.9599533242662569,0.7499897999754087,0.6191446311717347,61,84,151,52,13
5,0.1,600,1.0,1.0,1,2.0,0.1,0.7186277304242713,0.18806659920190122,33,0.5644376166726208,0.9414940616423171,0.9526835414243239,0.6046500346535475,0.529873397728547,33,153,118,17,6
5,0.1,900,1.0,1.0,1,2.0,0.1,0.7186277304242713,0.18806659920190122,33,0.5644376166726208,0.9414940616423171,0.9526835414243239,0.6046500346535475,0.529873397728547,33,153,118,17,6
5,0.1,1200,1.0,1.0,1,2.0,0.1,0.7186277304242713,0.18806659920190122,33,0.5644376166726208,0.9414940616423171,0.9526835414243239,0.6046500346535475,0.529873397728547,33,153,118,17,6
3,0.05,600,0.8,0.8,1,1.0,0.1,0.7184222709972373,0.21537060244459091,63,0.3189398746532034,0.8188353901872478,0.9584142062699387,0.7861205235306865,0.7098013603451103,64,57,109,63,19
3,0.05,900,0.8,0.8,1,1.0,0.1,0.7184222709972373,0.21537060244459091,63,0.3189398746532034,0.8188353901872478,0.9584142062699387,0.7861205235306865,0.7098013603451103,64,57,109,63,19
3,0.05,1200,0.8,0.8,1,1.0,0.1,0.7184222709972373,0.21537060244459091,63,0.3189398746532034,0.8188353901872478,0.9584142062699387,0.7861205235306865,0.7098013603451103,64,57,109,63,19
3,0.02,600,0.8,1.0,3,1.0,0.1,0.7182841445241658,0.16024515530822786,110,0.47725114118159084,0.8968497280627203,0.855694355613908,0.7722463192463762,0.5893791785162334,110,186,574,109,37
3,0.05,600,0.8,0.8,1,2.0,0.0,0.7180850243704623,0.2152401347646923,79,0.34083253198108787,0.8788472360723906,0.9489683148672544,0.7818355882777281,0.639941450653851,79,101,599,73,19
5,0.1,900,0.8,1.0,3,1.0,0.1,0.718067801962702,0.1525314080079666,24,0.5560646728270424,0.8892237866709618,0.8718400695054214,0.7458562336658909,0.5273542471441937,20,34,661,24,7
5,0.1,1200,0.8,1.0,3,1.0,0.1,0.718067801962702,0.1525314080079666,24,0.5560646728270424,0.8892237866709618,0.8718400695054214,0.7458562336658909,0.5273542471441937,20,34,661,24,7
3,0.05,600,0.8,0.8,1,2.0,0.1,0.7180285069861784,0.21550920701351178,79,0.3430958815438252,0.877765232581338,0.9543332025985984,0.7784251366338151,0.6365230815733146,79,101,584,75,19
5,0.1,600,0.8,1.0,3,1.0,0.1,0.7180231056603177,0.15248636764115575,24,0.5560646728270424,0.8892237866709618,0.8716165879934992,0.7458562336658909,0.5273542471441937,20,34,590,24,7
3,0.05,900,0.8,0.8,1,2.0,0.0,0.7180141917269629,0.21516418738945606,79,0.34083253198108787,0.8788472360723906,0.948614151649757,0.7818355882777281,0.639941450653851,79,101,750,73,19
3,0.05,1200,0.8,0.8,1,2.0,0.0,0.7180141917269629,0.21516418738945606,79,0.34083253198108787,0.8788472360723906,0.948614151649757,0.7818355882777281,0.639941450653851,79,101,750,73,19
3,0.02,600,1.0,0.8,1,1.0,0.0,0.7178949593822821,0.20878239366061516,140,0.37593847358911914,0.897840007062962,0.9596335354899392,0.7372776295373205,0.618785151232069,140,189,403,117,33
3,0.02,900,1.0,0.8,1,1.0,0.0,0.7178949593822821,0.20878239366061516,140,0.37593847358911914,0.897840007062962,0.9596335354899392,0.7372776295373205,0.618785151232069,140,189,403,117,33
3,0.02,1200,1.0,0.8,1,1.0,0.0,0.7178949593822821,0.20878239366061516,140,0.37593847358911914,0.897840007062962,0.9596335354899392,0.7372776295373205,0.618785151232069,140,189,403,117,33
3,0.05,900,0.8,0.8,1,2.0,0.1,0.7178680701988979,0.21533345614436428,79,0.3430958815438252,0.877765232581338,0.9535310186621963,0.7784251366338151,0.6365230815733146,79,101,893,75,19
3,0.05,1200,0.8,0.8,1,2.0,0.1,0.7178098768134449,0.2152697908006683,79,0.3430958815438252,0.877765232581338,0.9532400517349315,0.7784251366338151,0.6365230815733146,79,101,1198,75,19
5,0.02,900,0.8,1.0,3,2.0,0.0,0.7176256476087299,0.16313717425318353,137,0.5116336387905269,0.890312339150591,0.8644364488812915,0.7889746779735262,0.5327711332477137,129,215,886,137,37
3,0.05,600,0.8,1.0,3,1.0,0.0,0.7175031685515455,0.15555913075716538,46,0.4879955011795034,0.9142441168217562,0.8283550873747298,0.762946214176546,0.5939749232051915,46,89,588,44,15
3,0.05,900,0.8,1.0,3,1.0,0.0,0.7175031685515455,0.15555913075716538,46,0.4879955011795034,0.9142441168217562,0.8283550873747298,0.762946214176546,0.5939749232051915,46,89,588,44,15
3,0.05,1200,0.8,1.0,3,1.0,0.0,0.7175031685515455,0.15555913075716538,46,0.4879955011795034,0.9142441168217562,0.8283550873747298,0.762946214176546,0.5939749232051915,46,89,588,44,15
7,0.02,900,0.8,1.0,3,2.0,0.0,0.7172700097203875,0.16293637599953867,137,0.5112655832866146,0.8885843197949427,0.8648983980202716,0.7888306142523949,0.5327711332477137,129,215,886,137,37
3,0.05,600,0.8,0.8,3,1.0,0.0,0.7172465415726261,0.1871734984559411,52,0.39379628321700644,0.7607857334941605,0.9470769824563581,0.8276618965823916,0.6569118121132143,52,44,72,54,19
3,0.05,900,0.8,0.8,3,1.0,0.0,0.7172465415726261,0.1871734984559411,52,0.39379628321700644,0.7607857334941605,0.9470769824563581,0.8276618965823916,0.6569118121132143,52,44,72,54,19
3,0.05,1200,0.8,0.8,3,1.0,0.0,0.7172465415726261,0.1871734984559411,52,0.39379628321700644,0.7607857334941605,0.9470769824563581,0.8276618965823916,0.6569118121132143,52,44,72,54,19
5,0.1,600,0.8,1.0,3,1.0,0.0,0.7171459109389915,0.1464400960900542,24,0.5632148543699235,0.8888854163704961,0.8610744777307153,0.7368741658752258,0.5356806403485963,20,34,287,24,7
5,0.1,900,0.8,1.0,3,1.0,0.0,0.7171459109389915,0.1464400960900542,24,0.5632148543699235,0.8888854163704961,0.8610744777307153,0.7368741658752258,0.5356806403485963,20,34,287,24,7
5,0.1,1200,0.8,1.0,3,1.0,0.0,0.7171459109389915,0.1464400960900542,24,0.5632148543699235,0.8888854163704961,0.8610744777307153,0.7368741658752258,0.5356806403485963,20,34,287,24,7
5,0.02,600,1.0,1.0,3,2.0,0.1,0.7171309496359843,0.18271311677611263,123,0.5593596895360189,0.869109760396493,0.9139874142072693,0.7975618488708289,0.4456360351693113,123,203,445,122,24
5,0.02,900,1.0,1.0,3,2.0,0.1,0.7171309496359843,0.18271311677611263,123,0.5593596895360189,0.869109760396493,0.9139874142072693,0.7975618488708289,0.4456360351693113,123,203,445,122,24
5,0.02,1200,1.0,1.0,3,2.0,0.1,0.7171309496359843,0.18271311677611263,123,0.5593596895360189,0.869109760396493,0.9139874142072693,0.7975618488708289,0.4456360351693113,123,203,445,122,24
7,0.02,600,1.0,1.0,3,2.0,0.1,0.7171177360249255,0.1826982935182199,123,0.5593596895360189,0.8691217536113378,0.9139093529371307,0.7975618488708289,0.4456360351693113,123,203,444,122,24
7,0.02,900,1.0,1.0,3,2.0,0.1,0.7171177360249255,0.1826982935182199,123,0.5593596895360189,0.8691217536113378,0.9139093529371307,0.7975618488708289,0.4456360351693113,123,203,444,122,24
7,0.02,1200,1.0,1.0,3,2.0,0.1,0.7171177360249255,0.1826982935182199,123,0.5593596895360189,0.8691217536113378,0.9139093529371307,0.7975618488708289,0.4456360351693113,123,203,444,122,24
7,0.02,600,0.8,1.0,1,2.0,0.1,0.7167002029820884,0.17918188732907933,142,0.5302468053735763,0.9377502466140943,0.9244025106231928,0.6424981030289361,0.5486033492706428,142,458,600,108,37
5,0.02,1200,0.8,1.0,3,2.0,0.0,0.7166583242370439,0.16227585600686692,137,0.5116336387905269,0.890312339150591,0.8595998320228615,0.7889746779735262,0.5327711332477137,129,215,1192,137,37
5,0.02,600,0.8,1.0,1,2.0,0.1,0.716652782236159,0.1787942107413489,142,0.5308433009657265,0.9365236083013788,0.9246281897754658,0.6426654628675819,0.5486033492706428,142,414,600,108,37
7,0.02,900,0.8,1.0,1,2.0,0.1,0.7166380275786921,0.17910984411920566,142,0.5302468053735763,0.9377502466140943,0.9240916336062112,0.6424981030289361,0.5486033492706428,142,458,621,108,37
7,0.02,1200,0.8,1.0,1,2.0,0.1,0.7166380275786921,0.17910984411920566,142,0.5302468053735763,0.9377502466140943,0.9240916336062112,0.6424981030289361,0.5486033492706428,142,458,621,108,37
5,0.02,900,0.8,1.0,1,2.0,0.1,0.7165882551578004,0.1787191829624323,142,0.5308433009657265,0.9365236083013788,0.9243055543836727,0.6426654628675819,0.5486033492706428,142,414,621,108,37
5,0.02,1200,0.8,1.0,1,2.0,0.1,0.7165882551578004,0.1787191829624323,142,0.5308433009657265,0.9365236083013788,0.9243055543836727,0.6426654628675819,0.5486033492706428,142,414,621,108,37
5,0.05,600,0.8,1.0,3,1.0,0.0,0.7163010690117118,0.13091712726946164,44,0.5302461822593663,0.86150797689206,0.8299381255107838,0.7648550397824176,0.5949580206139311,43,57,588,44,15
5,0.05,900,0.8,1.0,3,1.0,0.0,0.7163010690117118,0.13091712726946164,44,0.5302461822593663,0.86150797689206,0.8299381255107838,0.7648550397824176,0.5949580206139311,43,57,588,44,15
5,0.05,1200,0.8,1.0,3,1.0,0.0,0.7163010690117118,0.13091712726946164,44,0.5302461822593663,0.86150797689206,0.8299381255107838,0.7648550397824176,0.5949580206139311,43,57,588,44,15
7,0.02,1200,0.8,1.0,3,2.0,0.0,0.7162226862173592,0.1619982123616854,137,0.5112655832866146,0.8885843197949427,0.8596617805051303,0.7888306142523949,0.5327711332477137,129,215,1197,137,37
3,0.05,600,0.8,0.8,1,1.0,0.0,0.7160118268706434,0.21727188989871646,59,0.3084640130651425,0.8243265543693379,0.9468863495916467,0.7860280876142876,0.7143541297128027,64,57,356,59,19
3,0.05,900,0.8,0.8,1,1.0,0.0,0.7160118268706434,0.21727188989871646,59,0.3084640130651425,0.8243265543693379,0.9468863495916467,0.7860280876142876,0.7143541297128027,64,57,356,59,19
3,0.05,1200,0.8,0.8,1,1.0,0.0,0.7160118268706434,0.21727188989871646,59,0.3084640130651425,0.8243265543693379,0.9468863495916467,0.7860280876142876,0.7143541297128027,64,57,356,59,19
3,0.02,900,0.8,1.0,3,1.0,0.1,0.7157047843123766,0.15810205986580264,110,0.47725114118159084,0.8968497280627203,0.842797554554962,0.7722463192463762,0.5893791785162334,110,186,883,109,37
3,0.02,1200,0.8,1.0,3,1.0,0.1,0.7155488050341163,0.15797693178056646,110,0.47725114118159084,0.8968497280627203,0.8420176581636607,0.7722463192463762,0.5893791785162334,110,186,909,109,37
5,0.02,600,0.8,1.0,3,2.0,0.1,0.7147342998058919,0.17197351702933422,146,0.4881404184588144,0.88818920638265,0.8779304096979799,0.7896168640586289,0.5297946004313863,135,215,570,146,37
7,0.05,600,0.8,0.8,1,2.0,0.1,0.7147077883891787,0.21570583733437942,80,0.33486846679496696,0.8779454784223816,0.9406226710558637,0.7829884135753181,0.6371139120973631,80,101,273,75,19
7,0.05,900,0.8,0.8,1,2.0,0.1,0.7147077883891787,0.21570583733437942,80,0.33486846679496696,0.8779454784223816,0.9406226710558637,0.7829884135753181,0.6371139120973631,80,101,273,75,19
7,0.05,1200,0.8,0.8,1,2.0,0.1,0.7147077883891787,0.21570583733437942,80,0.33486846679496696,0.8779454784223816,0.9406226710558637,0.7829884135753181,0.6371139120973631,80,101,273,75,19
5,0.02,600,0.8,0.8,1,1.0,0.0,0.7145955114163337,0.20274236235887452,133,0.462444650080146,0.9097188290892706,0.9403343930572927,0.7693070223017866,0.49117266255317293,122,412,587,133,25
5,0.05,600,0.8,0.8,1,2.0,0.1,0.714388718512125,0.21518783925669396,80,0.3347830956769624,0.877896848758003,0.9374523250947644,0.7847705967740339,0.6370407262568611,80,101,273,75,19
5,0.05,900,0.8,0.8,1,2.0,0.1,0.714388718512125,0.21518783925669396,80,0.3347830956769624,0.877896848758003,0.9374523250947644,0.7847705967740339,0.6370407262568611,80,101,273,75,19
5,0.05,1200,0.8,0.8,1,2.0,0.1,0.714388718512125,0.21518783925669396,80,0.3347830956769624,0.877896848758003,0.9374523250947644,0.7847705967740339,0.6370407262568611,80,101,273,75,19
3,0.02,600,0.8,1.0,3,2.0,0.0,0.7142350681217284,0.17250515881227302,136,0.484857900268968,0.8923650760821643,0.8771362341374246,0.7842569144491551,0.5325592156709305,131,216,600,136,37
3,0.05,600,1.0,1.0,3,2.0,0.1,0.7142205707027139,0.19956309208989123,53,0.4614524812962305,0.874068506079307,0.9489670018201732,0.7925066878497415,0.49410817646811767,53,80,94,51,11
3,0.05,900,1.0,1.0,3,2.0,0.1,0.7142205707027139,0.19956309208989123,53,0.4614524812962305,0.874068506079307,0.9489670018201732,0.7925066878497415,0.49410817646811767,53,80,94,51,11
3,0.05,1200,1.0,1.0,3,2.0,0.1,0.7142205707027139,0.19956309208989123,53,0.4614524812962305,0.874068506079307,0.9489670018201732,0.7925066878497415,0.49410817646811767,53,80,94,51,11
7,0.02,600,0.8,1.0,3,2.0,0.1,0.7140984654675984,0.17185144174936234,137,0.4880297972755111,0.8883642682109042,0.8787772993689545,0.7855263620512357,0.5297946004313863,135,215,572,137,37
5,0.02,900,0.8,0.8,1,1.0,0.0,0.7140683166516594,0.20215726679733187,133,0.462444650080146,0.9097188290892706,0.9376984192339204,0.7693070223017866,0.49117266255317293,122,412,744,133,25
5,0.02,1200,0.8,0.8,1,1.0,0.0,0.7140683166516594,0.20215726679733187,133,0.462444650080146,0.9097188290892706,0.9376984192339204,0.7693070223017866,0.49117266255317293,122,412,744,133,25
5,0.02,600,1.0,1.0,1,2.0,0.1,0.7140422869661964,0.19477351339499044,168,0.6007641854598726,0.9418013304666923,0.9483763082375892,0.6075653750344132,0.4717042356324149,168,600,599,89,26
5,0.1,600,1.0,1.0,1,2.0,0.0,0.7137974394778023,0.19327557945320503,30,0.5275243472959676,0.9414576516736716,0.9533737505613037,0.6144458669957789,0.5321855808622896,30,249,167,17,6
5,0.1,900,1.0,1.0,1,2.0,0.0,0.7137974394778023,0.19327557945320503,30,0.5275243472959676,0.9414576516736716,0.9533737505613037,0.6144458669957789,0.5321855808622896,30,249,167,17,6
5,0.1,1200,1.0,1.0,1,2.0,0.0,0.7137974394778023,0.19327557945320503,30,0.5275243472959676,0.9414576516736716,0.9533737505613037,0.6144458669957789,0.5321855808622896,30,249,167,17,6
5,0.02,600,0.8,0.8,3,2.0,0.0,0.7135677650472555,0.22110872174170618,164,0.5207628973270819,0.9093857898944563,0.9278254713047126,0.8278866331015949,0.3819780336084315,130,300,250,164,25
5,0.02,900,0.8,0.8,3,2.0,0.0,0.7135677650472555,0.22110872174170618,164,0.5207628973270819,0.9093857898944563,0.9278254713047126,0.8278866331015949,0.3819780336084315,130,300,250,164,25
5,0.02,1200,0.8,0.8,3,2.0,0.0,0.7135677650472555,0.22110872174170618,164,0.5207628973270819,0.9093857898944563,0.9278254713047126,0.8278866331015949,0.3819780336084315,130,300,250,164,25
5,0.02,900,1.0,1.0,1,2.0,0.1,0.7133627258063837,0.19395743395472606,168,0.6007641854598726,0.9423707337836749,0.9444090991215435,0.6075653750344132,0.4717042356324149,168,835,727,89,26
5,0.02,1200,1.0,1.0,1,2.0,0.1,0.7133627258063837,0.19395743395472606,168,0.6007641854598726,0.9423707337836749,0.9444090991215435,0.6075653750344132,0.4717042356324149,168,835,727,89,26
7,0.02,600,0.8,0.8,3,2.0,0.0,0.7131351009604137,0.22075844585176804,164,0.5207628973270819,0.9086317756700738,0.9270400107963175,0.8272627874001637,0.3819780336084315,130,300,250,164,25
7,0.02,900,0.8,0.8,3,2.0,0.0,0.7131351009604137,0.22075844585176804,164,0.5207628973270819,0.9086317756700738,0.9270400107963175,0.8272627874001637,0.3819780336084315,130,300,250,164,25
7,0.02,1200,0.8,0.8,3,2.0,0.0,0.7131351009604137,0.22075844585176804,164,0.5207628973270819,0.9086317756700738,0.9270400107963175,0.8272627874001637,0.3819780336084315,130,300,250,164,25
3,0.05,600,0.8,1.0,3,2.0,0.0,0.713100077766397,0.14280821804244678,50,0.575361378097567,0.8925351831419763,0.8257953857950961,0.7503231795286172,0.521485262268728,45,88,597,50,15
3,0.05,900,0.8,1.0,3,2.0,0.0,0.713100077766397,0.14280821804244678,50,0.575361378097567,0.8925351831419763,0.8257953857950961,0.7503231795286172,0.521485262268728,45,88,597,50,15
3,0.05,1200,0.8,1.0,3,2.0,0.0,0.713100077766397,0.14280821804244678,50,0.575361378097567,0.8925351831419763,0.8257953857950961,0.7503231795286172,0.521485262268728,45,88,597,50,15
7,0.02,600,0.8,0.8,1,1.0,0.0,0.7130744929458004,0.20771791753256633,135,0.44787441275855766,0.9115396821183424,0.9445298573213255,0.7701347526161815,0.4912937599145948,122,412,446,135,25
7,0.02,900,0.8,0.8,1,1.0,0.0,0.7130744929458004,0.20771791753256633,135,0.44787441275855766,0.9115396821183424,0.9445298573213255,0.7701347526161815,0.4912937599145948,122,412,446,135,25
7,0.02,1200,0.8,0.8,1,1.0,0.0,0.7130744929458004,0.20771791753256633,135,0.44787441275855766,0.9115396821183424,0.9445298573213255,0.7701347526161815,0.4912937599145948,122,412,446,135,25
3,0.02,600,0.8,1.0,3,2.0,0.1,0.7121508497211992,0.1740664221981381,137,0.4791369462452916,0.8890763843322819,0.8772556205070003,0.7855011631304545,0.5297841343909686,131,215,581,137,37
7,0.02,600,0.8,0.8,3,1.0,0.0,0.711984953396138,0.2071362463045606,126,0.4862723908751546,0.8837644016032127,0.9306024702899283,0.8203240150035371,0.4389614892088568,117,205,250,126,25
7,0.02,900,0.8,0.8,3,1.0,0.0,0.711984953396138,0.2071362463045606,126,0.4862723908751546,0.8837644016032127,0.9306024702899283,0.8203240150035371,0.4389614892088568,117,205,250,126,25
7,0.02,1200,0.8,0.8,3,1.0,0.0,0.711984953396138,0.2071362463045606,126,0.4862723908751546,0.8837644016032127,0.9306024702899283,0.8203240150035371,0.4389614892088568,117,205,250,126,25
5,0.05,600,0.8,1.0,1,1.0,0.0,0.7118643247084208,0.20057539047069314,45,0.4101370553977699,0.9351163851071408,0.9316648942730364,0.6726093634307777,0.6097939253333784,45,185,172,35,14
5,0.05,900,0.8,1.0,1,1.0,0.0,0.7118643247084208,0.20057539047069314,45,0.4101370553977699,0.9351163851071408,0.9316648942730364,0.6726093634307777,0.6097939253333784,45,185,172,35,14
5,0.05,1200,0.8,1.0,1,1.0,0.0,0.7118643247084208,0.20057539047069314,45,0.4101370553977699,0.9351163851071408,0.9316648942730364,0.6726093634307777,0.6097939253333784,45,185,172,35,14
3,0.02,600,0.8,0.8,3,2.0,0.1,0.7118520566768873,0.22457413859633787,164,0.5111948272595963,0.912494733054351,0.9348505979834023,0.8206526320886918,0.3800674929983948,130,327,249,164,25
3,0.02,900,0.8,0.8,3,2.0,0.1,0.7118520566768873,0.22457413859633787,164,0.5111948272595963,0.912494733054351,0.9348505979834023,0.8206526320886918,0.3800674929983948,130,327,249,164,25
3,0.02,1200,0.8,0.8,3,2.0,0.1,0.7118520566768873,0.22457413859633787,164,0.5111948272595963,0.912494733054351,0.9348505979834023,0.8206526320886918,0.3800674929983948,130,327,249,164,25
5,0.02,600,0.8,0.8,3,1.0,0.0,0.7116931924599724,0.20682354262836353,124,0.48680472211758896,0.8837283042600129,0.9307155506370846,0.8182558960763185,0.4389614892088568,117,205,250,124,25
5,0.02,900,0.8,0.8,3,1.0,0.0,0.7116931924599724,0.20682354262836353,124,0.48680472211758896,0.8837283042600129,0.9307155506370846,0.8182558960763185,0.4389614892088568,117,205,250,124,25
5,0.02,1200,0.8,0.8,3,1.0,0.0,0.7116931924599724,0.20682354262836353,124,0.48680472211758896,0.8837283042600129,0.9307155506370846,0.8182558960763185,0.4389614892088568,117,205,250,124,25
3,0.02,600,0.8,0.8,3,2.0,0.0,0.7116402714109269,0.22378041216641364,164,0.5097944615875867,0.9084006061449319,0.935288516900897,0.8226185330658942,0.3820992393553241,130,300,249,164,25
3,0.02,900,0.8,0.8,3,2.0,0.0,0.7116402714109269,0.22378041216641364,164,0.5097944615875867,0.9084006061449319,0.935288516900897,0.8226185330658942,0.3820992393553241,130,300,249,164,25
3,0.02,1200,0.8,0.8,3,2.0,0.0,0.7116402714109269,0.22378041216641364,164,0.5097944615875867,0.9084006061449319,0.935288516900897,0.8226185330658942,0.3820992393553241,130,300,249,164,25
5,0.02,600,0.8,0.8,3,2.0,0.1,0.7114620416298594,0.22136253379199303,164,0.5185210219387913,0.9068382154820136,0.9284091778051135,0.8236699905272876,0.37987180239609086,130,300,250,164,25
5,0.02,900,0.8,0.8,3,2.0,0.1,0.7114620416298594,0.22136253379199303,164,0.5185210219387913,0.9068382154820136,0.9284091778051135,0.8236699905272876,0.37987180239609086,130,300,250,164,25
5,0.02,1200,0.8,0.8,3,2.0,0.1,0.7114620416298594,0.22136253379199303,164,0.5185210219387913,0.9068382154820136,0.9284091778051135,0.8236699905272876,0.37987180239609086,130,300,250,164,25
7,0.1,600,1.0,1.0,1,2.0,0.0,0.711329958685941,0.1927497054973201,26,0.5218565450796973,0.9422028747414335,0.9460038341883358,0.6144009585579489,0.5321855808622896,26,146,97,17,6
7,0.1,900,1.0,1.0,1,2.0,0.0,0.711329958685941,0.1927497054973201,26,0.5218565450796973,0.9422028747414335,0.9460038341883358,0.6144009585579489,0.5321855808622896,26,146,97,17,6
7,0.1,1200,1.0,1.0,1,2.0,0.0,0.711329958685941,0.1927497054973201,26,0.5218565450796973,0.9422028747414335,0.9460038341883358,0.6144009585579489,0.5321855808622896,26,146,97,17,6
7,0.02,600,0.8,0.8,3,2.0,0.1,0.7113217007331981,0.2212484367257284,164,0.518416560500703,0.9069019310141126,0.9275977441578729,0.823820465597211,0.37987180239609086,130,300,250,164,25
7,0.02,900,0.8,0.8,3,2.0,0.1,0.7113217007331981,0.2212484367257284,164,0.518416560500703,0.9069019310141126,0.9275977441578729,0.823820465597211,0.37987180239609086,130,300,250,164,25
7,0.02,1200,0.8,0.8,3,2.0,0.1,0.7113217007331981,0.2212484367257284,164,0.518416560500703,0.9069019310141126,0.9275977441578729,0.823820465597211,0.37987180239609086,130,300,250,164,25
5,0.05,600,1.0,1.0,1,1.0,0.0,0.7113112014551237,0.22739940929487365,43,0.3439729149209395,0.9433337829321443,0.9413201340808767,0.5852465817641759,0.7426825935774821,43,328,300,27,18
5,0.05,900,1.0,1.0,1,1.0,0.0,0.7113112014551237,0.22739940929487365,43,0.3439729149209395,0.9433337829321443,0.9413201340808767,0.5852465817641759,0.7426825935774821,43,328,300,27,18
5,0.05,1200,1.0,1.0,1,1.0,0.0,0.7113112014551237,0.22739940929487365,43,0.3439729149209395,0.9433337829321443,0.9413201340808767,0.5852465817641759,0.7426825935774821,43,328,300,27,18
7,0.05,600,0.8,1.0,1,1.0,0.0,0.7111254336387074,0.20435931985225322,45,0.3990525696605758,0.9349755954174575,0.9345167465230519,0.67727786912169,0.6098043874707622,45,185,150,36,14
7,0.05,900,0.8,1.0,1,1.0,0.0,0.7111254336387074,0.20435931985225322,45,0.3990525696605758,0.9349755954174575,0.9345167465230519,0.67727786912169,0.6098043874707622,45,185,150,36,14
7,0.05,1200,0.8,1.0,1,1.0,0.0,0.7111254336387074,0.20435931985225322,45,0.3990525696605758,0.9349755954174575,0.9345167465230519,0.67727786912169,0.6098043874707622,45,185,150,36,14
3,0.02,900,0.8,1.0,3,2.0,0.0,0.7109642042829085,0.16951450956012942,136,0.484857900268968,0.8923650760821643,0.8607819149433245,0.7842569144491551,0.5325592156709305,131,216,899,136,37
7,0.02,600,0.8,0.8,3,1.0,0.1,0.7104208471205332,0.2086968824254323,126,0.48272457479816955,0.8818161868255424,0.9330008604972043,0.8185713483851506,0.43599126509659947,119,205,250,126,25
7,0.02,900,0.8,0.8,3,1.0,0.1,0.7104208471205332,0.2086968824254323,126,0.48272457479816955,0.8818161868255424,0.9330008604972043,0.8185713483851506,0.43599126509659947,119,205,250,126,25
7,0.02,1200,0.8,0.8,3,1.0,0.1,0.7104208471205332,0.2086968824254323,126,0.48272457479816955,0.8818161868255424,0.9330008604972043,0.8185713483851506,0.43599126509659947,119,205,250,126,25
5,0.02,600,0.8,0.8,3,1.0,0.1,0.7103252437198699,0.20841051415368683,126,0.4831632431327937,0.881793527139622,0.9321391510239547,0.8185390322063798,0.43599126509659947,119,205,250,126,25
5,0.02,900,0.8,0.8,3,1.0,0.1,0.7103252437198699,0.20841051415368683,126,0.4831632431327937,0.881793527139622,0.9321391510239547,0.8185390322063798,0.43599126509659947,119,205,250,126,25
5,0.02,1200,0.8,0.8,3,1.0,0.1,0.7103252437198699,0.20841051415368683,126,0.4831632431327937,0.881793527139622,0.9321391510239547,0.8185390322063798,0.43599126509659947,119,205,250,126,25
3,0.02,600,0.8,1.0,1,2.0,0.0,0.7103015116985543,0.19017859560270303,166,0.4651887319122835,0.9359301380418045,0.9319435516735283,0.621302300614753,0.5971428362504014,166,409,591,104,42
7,0.02,600,1.0,1.0,1,2.0,0.1,0.7102936922914687,0.18707346780168224,170,0.6105563802755539,0.941605214552888,0.9201323740348332,0.6074702569616535,0.4717042356324149,170,541,600,89,26
5,0.02,900,0.8,1.0,3,2.0,0.1,0.7102678205508796,0.1679192193541796,146,0.4881404184588144,0.88818920638265,0.8555980134229183,0.7896168640586289,0.5297946004313863,135,215,886,146,37
7,0.02,900,1.0,1.0,1,2.0,0.1,0.7101850507290788,0.18695169205662326,170,0.6105563802755539,0.941605214552888,0.9195891662228838,0.6074702569616535,0.4717042356324149,170,541,621,89,26
7,0.02,1200,1.0,1.0,1,2.0,0.1,0.7101850507290788,0.18695169205662326,170,0.6105563802755539,0.941605214552888,0.9195891662228838,0.6074702569616535,0.4717042356324149,170,541,621,89,26
3,0.02,1200,0.8,1.0,3,2.0,0.0,0.7100235471362912,0.16869159461702904,136,0.484857900268968,0.8923650760821643,0.8560786292102387,0.7842569144491551,0.5325592156709305,131,216,1195,136,37
3,0.05,900,0.8,1.0,1,1.0,0.0,0.7099690724555793,0.2033013616330841,45,0.42185317209056905,0.9399164921925978,0.9440797994430854,0.6375697315251733,0.6064261670264708,45,816,218,30,14
3,0.05,1200,0.8,1.0,1,1.0,0.0,0.7099690724555793,0.2033013616330841,45,0.42185317209056905,0.9399164921925978,0.9440797994430854,0.6375697315251733,0.6064261670264708,45,816,218,30,14
3,0.05,600,0.8,1.0,1,1.0,0.0,0.7099650714228247,0.2032968363049034,45,0.42185317209056905,0.9398964870288249,0.9440797994430854,0.6375697315251733,0.6064261670264708,45,561,218,30,14
7,0.02,600,0.8,0.8,1,1.0,0.1,0.7099351274368403,0.21311977745416613,146,0.43575922014164337,0.9101752184281119,0.9547796185741588,0.7610054455265458,0.4879561345137414,146,411,272,133,25
7,0.02,900,0.8,0.8,1,1.0,0.1,0.7099351274368403,0.21311977745416613,146,0.43575922014164337,0.9101752184281119,0.9547796185741588,0.7610054455265458,0.4879561345137414,146,411,272,133,25
7,0.02,1200,0.8,0.8,1,1.0,0.1,0.7099351274368403,0.21311977745416613,146,0.43575922014164337,0.9101752184281119,0.9547796185741588,0.7610054455265458,0.4879561345137414,146,411,272,133,25
5,0.02,600,0.8,0.8,1,1.0,0.1,0.7098044200725518,0.21320666826706755,146,0.43517328049703596,0.9086212990018713,0.955567394004604,0.7617502607459611,0.4879098661132871,146,412,276,133,25
5,0.02,900,0.8,0.8,1,1.0,0.1,0.7098044200725518,0.21320666826706755,146,0.43517328049703596,0.9086212990018713,0.955567394004604,0.7617502607459611,0.4879098661132871,146,412,276,133,25
5,0.02,1200,0.8,0.8,1,1.0,0.1,0.7098044200725518,0.21320666826706755,146,0.43517328049703596,0.9086212990018713,0.955567394004604,0.7617502607459611,0.4879098661132871,146,412,276,133,25
7,0.02,900,0.8,1.0,3,2.0,0.1,0.7097859704198586,0.16788971134094935,137,0.4880297972755111,0.8883642682109042,0.8572148241302561,0.7855263620512357,0.5297946004313863,135,215,886,137,37
3,0.02,900,0.8,1.0,1,2.0,0.0,0.7096059245139681,0.1893713042316541,166,0.4651887319122835,0.9359301380418045,0.928465615750598,0.621302300614753,0.5971428362504014,166,409,887,104,42
3,0.02,1200,0.8,1.0,1,2.0,0.0,0.7094820359958348,0.189228232180625,166,0.4651887319122835,0.9359301380418045,0.9278461731599312,0.621302300614753,0.5971428362504014,166,409,955,104,42
5,0.02,1200,0.8,1.0,3,2.0,0.1,0.7094552686327844,0.16722239245102577,146,0.4881404184588144,0.88818920638265,0.8515352538324429,0.7896168640586289,0.5297946004313863,135,215,1107,146,37
7,0.05,600,1.0,1.0,1,1.0,0.0,0.7094072873557075,0.23222980880818364,43,0.3308593814840858,0.9414263633173049,0.9462368972025876,0.5856545045587651,0.7428592902157939,43,274,117,27,18
7,0.05,900,1.0,1.0,1,1.0,0.0,0.7094072873557075,0.23222980880818364,43,0.3308593814840858,0.9414263633173049,0.9462368972025876,0.5856545045587651,0.7428592902157939,43,274,117,27,18
7,0.05,1200,1.0,1.0,1,1.0,0.0,0.7094072873557075,0.23222980880818364,43,0.3308593814840858,0.9414263633173049,0.9462368972025876,0.5856545045587651,0.7428592902157939,43,274,117,27,18
7,0.05,600,0.8,1.0,3,1.0,0.1,0.7091752266058878,0.13564842678971625,46,0.5109534387860816,0.8589150312189566,0.8252316441206812,0.7606415960866455,0.5901344228170742,46,57,582,44,15
3,0.02,600,0.8,0.8,3,1.0,0.0,0.7090381780215961,0.20938224505149663,126,0.47574422058783883,0.8813140090549297,0.9333500432439437,0.8164036821896479,0.43837893503161995,117,205,223,126,25
3,0.02,900,0.8,0.8,3,1.0,0.0,0.7090381780215961,0.20938224505149663,126,0.47574422058783883,0.8813140090549297,0.9333500432439437,0.8164036821896479,0.43837893503161995,117,205,223,126,25
3,0.02,1200,0.8,0.8,3,1.0,0.0,0.7090381780215961,0.20938224505149663,126,0.47574422058783883,0.8813140090549297,0.9333500432439437,0.8164036821896479,0.43837893503161995,117,205,223,126,25
7,0.05,1200,0.8,1.0,3,1.0,0.1,0.7089240288142432,0.13543427136539446,46,0.5109534387860816,0.8589150312189566,0.8239756551624579,0.7606415960866455,0.5901344228170742,46,57,1197,44,15
7,0.05,900,0.8,1.0,3,1.0,0.1,0.708904830198115,0.13541796657240274,46,0.5109534387860816,0.8589150312189566,0.823879662081817,0.7606415960866455,0.5901344228170742,46,57,854,44,15
7,0.02,1200,0.8,1.0,3,2.0,0.1,0.7088616071380001,0.16708625714265643,137,0.4880297972755111,0.8883642682109042,0.852593007720963,0.7855263620512357,0.5297946004313863,135,215,1107,137,37
5,0.05,600,0.8,0.8,1,2.0,0.0,0.7082235056485064,0.212727503560249,80,0.3265926257291999,0.8525862331964528,0.9268506668366072,0.7943901116052581,0.6406978908750139,80,81,525,75,19
5,0.05,900,0.8,0.8,1,2.0,0.0,0.70806675782805,0.2125665787194097,80,0.3265926257291999,0.8525862331964528,0.926066927734325,0.7943901116052581,0.6406978908750139,80,81,746,75,19
5,0.05,1200,0.8,0.8,1,2.0,0.0,0.70806675782805,0.2125665787194097,80,0.3265926257291999,0.8525862331964528,0.926066927734325,0.7943901116052581,0.6406978908750139,80,81,746,75,19
3,0.02,900,0.8,1.0,3,2.0,0.1,0.7078537603317769,0.17015886497144325,137,0.4791369462452916,0.8890763843322819,0.8557701735598886,0.7855011631304545,0.5297841343909686,131,215,898,137,37
7,0.05,600,0.8,0.8,1,2.0,0.0,0.7077227754352091,0.21428711129749212,80,0.3241353992053183,0.8520544721124561,0.9325343642032763,0.7890371623640392,0.6408524792909553,80,81,515,73,19
7,0.05,900,0.8,0.8,1,2.0,0.0,0.7077227754352091,0.21428711129749212,80,0.3241353992053183,0.8520544721124561,0.9325343642032763,0.7890371623640392,0.6408524792909553,80,81,515,73,19
7,0.05,1200,0.8,0.8,1,2.0,0.0,0.7077227754352091,0.21428711129749212,80,0.3241353992053183,0.8520544721124561,0.9325343642032763,0.7890371623640392,0.6408524792909553,80,81,515,73,19
3,0.02,600,0.8,0.8,3,1.0,0.1,0.7076439577608916,0.21232825624469912,132,0.46727722460282595,0.8787149930344189,0.9346159440469326,0.8217148438830728,0.4358967832372078,119,205,215,132,25
3,0.02,900,0.8,0.8,3,1.0,0.1,0.7076439577608916,0.21232825624469912,132,0.46727722460282595,0.8787149930344189,0.9346159440469326,0.8217148438830728,0.4358967832372078,119,205,215,132,25
3,0.02,1200,0.8,0.8,3,1.0,0.1,0.7076439577608916,0.21232825624469912,132,0.46727722460282595,0.8787149930344189,0.9346159440469326,0.8217148438830728,0.4358967832372078,119,205,215,132,25
3,0.02,1200,0.8,1.0,3,2.0,0.1,0.7066304084380489,0.16910978102795018,137,0.4791369462452916,0.8890763843322819,0.8496534140912484,0.7855011631304545,0.5297841343909686,131,215,1198,137,37
7,0.02,600,0.8,0.8,1,2.0,0.1,0.7047466528756116,0.21657113956568647,163,0.48769981744528923,0.9123619361464752,0.9498106062384103,0.7549843161981485,0.4188765883497342,146,428,299,163,25
7,0.02,900,0.8,0.8,1,2.0,0.1,0.7047466528756116,0.21657113956568647,163,0.48769981744528923,0.9123619361464752,0.9498106062384103,0.7549843161981485,0.4188765883497342,146,428,299,163,25
7,0.02,1200,0.8,0.8,1,2.0,0.1,0.7047466528756116,0.21657113956568647,163,0.48769981744528923,0.9123619361464752,0.9498106062384103,0.7549843161981485,0.4188765883497342,146,428,299,163,25
5,0.02,600,0.8,0.8,1,2.0,0.1,0.7045357254490358,0.21648173397206988,163,0.48739207898138004,0.9119264607216788,0.9494539369146773,0.7550648475165571,0.41884130311088574,146,432,299,163,25
5,0.02,900,0.8,0.8,1,2.0,0.1,0.7045357254490358,0.21648173397206988,163,0.48739207898138004,0.9119264607216788,0.9494539369146773,0.7550648475165571,0.41884130311088574,146,432,299,163,25
5,0.02,1200,0.8,0.8,1,2.0,0.1,0.7045357254490358,0.21648173397206988,163,0.48739207898138004,0.9119264607216788,0.9494539369146773,0.7550648475165571,0.41884130311088574,146,432,299,163,25
3,0.1,600,0.8,1.0,1,2.0,0.0,0.704037703932122,0.21175124471876194,31,0.39457495911449403,0.9362807045360871,0.9323483452261883,0.7024820111752144,0.554502499608626,31,97,208,26,8
3,0.1,900,0.8,1.0,1,2.0,0.0,0.704037703932122,0.21175124471876194,31,0.39457495911449403,0.9362807045360871,0.9323483452261883,0.7024820111752144,0.554502499608626,31,97,208,26,8
3,0.1,1200,0.8,1.0,1,2.0,0.0,0.704037703932122,0.21175124471876194,31,0.39457495911449403,0.9362807045360871,0.9323483452261883,0.7024820111752144,0.554502499608626,31,97,208,26,8
7,0.02,900,1.0,1.0,1,2.0,0.0,0.7037021844507573,0.2031954863027018,137,0.5145160635693307,0.9413358981394397,0.9550353500132074,0.6089400484690065,0.49868356206280173,137,691,276,87,28
7,0.02,1200,1.0,1.0,1,2.0,0.0,0.7037021844507573,0.2031954863027018,137,0.5145160635693307,0.9413358981394397,0.9550353500132074,0.6089400484690065,0.49868356206280173,137,691,276,87,28
7,0.02,600,1.0,1.0,1,2.0,0.0,0.7036787226654929,0.20316805170422017,137,0.5145160635693307,0.9412185892131181,0.9550353500132074,0.6089400484690065,0.49868356206280173,137,600,276,87,28
3,0.02,600,1.0,1.0,3,2.0,0.1,0.7034051780376058,0.21119298931397024,132,0.45891694003579275,0.8736745624928491,0.9490649969463334,0.7897333555437425,0.4456360351693113,132,202,236,128,24
3,0.02,900,1.0,1.0,3,2.0,0.1,0.7034051780376058,0.21119298931397024,132,0.45891694003579275,0.8736745624928491,0.9490649969463334,0.7897333555437425,0.4456360351693113,132,202,236,128,24
3,0.02,1200,1.0,1.0,3,2.0,0.1,0.7034051780376058,0.21119298931397024,132,0.45891694003579275,0.8736745624928491,0.9490649969463334,0.7897333555437425,0.4456360351693113,132,202,236,128,24
3,0.1,600,0.8,1.0,1,1.0,0.1,0.7028124808318935,0.2016414817738308,24,0.44285638936461214,0.9402980464204279,0.9272604066176178,0.6671903093152651,0.5364572524415452,24,59,166,19,6
3,0.1,900,0.8,1.0,1,1.0,0.1,0.7028124808318935,0.2016414817738308,24,0.44285638936461214,0.9402980464204279,0.9272604066176178,0.6671903093152651,0.5364572524415452,24,59,166,19,6
3,0.1,1200,0.8,1.0,1,1.0,0.1,0.7028124808318935,0.2016414817738308,24,0.44285638936461214,0.9402980464204279,0.9272604066176178,0.6671903093152651,0.5364572524415452,24,59,166,19,6
3,0.1,600,1.0,0.8,1,1.0,0.0,0.7026818491719643,0.23628354033893068,30,0.2771070855769734,0.8625370433929299,0.9613164015761582,0.7589740695854358,0.653474645728324,31,30,97,27,7
3,0.1,900,1.0,0.8,1,1.0,0.0,0.7026818491719643,0.23628354033893068,30,0.2771070855769734,0.8625370433929299,0.9613164015761582,0.7589740695854358,0.653474645728324,31,30,97,27,7
3,0.1,1200,1.0,0.8,1,1.0,0.0,0.7026818491719643,0.23628354033893068,30,0.2771070855769734,0.8625370433929299,0.9613164015761582,0.7589740695854358,0.653474645728324,31,30,97,27,7
7,0.1,600,1.0,1.0,1,1.0,0.1,0.7022625716372165,0.23067034534583325,26,0.3157633691654619,0.943097500094231,0.8969852376825221,0.5788883827099802,0.7765783685338872,26,123,119,13,10
7,0.1,900,1.0,1.0,1,1.0,0.1,0.7022625716372165,0.23067034534583325,26,0.3157633691654619,0.943097500094231,0.8969852376825221,0.5788883827099802,0.7765783685338872,26,123,119,13,10
7,0.1,1200,1.0,1.0,1,1.0,0.1,0.7022625716372165,0.23067034534583325,26,0.3157633691654619,0.943097500094231,0.8969852376825221,0.5788883827099802,0.7765783685338872,26,123,119,13,10
3,0.02,600,0.8,0.8,1,2.0,0.0,0.7021286233786352,0.22284683204053798,163,0.4668946929692236,0.9092481968474724,0.9643646672178453,0.7492259478591747,0.4209096119994604,153,403,274,163,25
3,0.02,900,0.8,0.8,1,2.0,0.0,0.7021286233786352,0.22284683204053798,163,0.4668946929692236,0.9092481968474724,0.9643646672178453,0.7492259478591747,0.4209096119994604,153,403,274,163,25
3,0.02,1200,0.8,0.8,1,2.0,0.0,0.7021286233786352,0.22284683204053798,163,0.4668946929692236,0.9092481968474724,0.9643646672178453,0.7492259478591747,0.4209096119994604,153,403,274,163,25
5,0.05,600,0.8,0.8,3,1.0,0.0,0.7020036759058496,0.17054006880917366,52,0.3928683090633156,0.7618122615021283,0.8704442470167616,0.8279871746834326,0.6569063872636097,52,44,242,54,19
5,0.05,900,0.8,0.8,3,1.0,0.0,0.7020036759058496,0.17054006880917366,52,0.3928683090633156,0.7618122615021283,0.8704442470167616,0.8279871746834326,0.6569063872636097,52,44,242,54,19
5,0.05,1200,0.8,0.8,3,1.0,0.0,0.7020036759058496,0.17054006880917366,52,0.3928683090633156,0.7618122615021283,0.8704442470167616,0.8279871746834326,0.6569063872636097,52,44,242,54,19
7,0.05,600,1.0,1.0,1,2.0,0.0,0.7017425003165838,0.19109547373283384,56,0.5367301783970314,0.9419477762635878,0.9200814160516985,0.6137447456873857,0.49620838518321586,56,452,181,35,11
7,0.05,900,1.0,1.0,1,2.0,0.0,0.7017425003165838,0.19109547373283384,56,0.5367301783970314,0.9419477762635878,0.9200814160516985,0.6137447456873857,0.49620838518321586,56,452,181,35,11
7,0.05,1200,1.0,1.0,1,2.0,0.0,0.7017425003165838,0.19109547373283384,56,0.5367301783970314,0.9419477762635878,0.9200814160516985,0.6137447456873857,0.49620838518321586,56,452,181,35,11
5,0.02,900,1.0,1.0,1,1.0,0.0,0.7006573269964377,0.2384043697223587,115,0.31213298970318715,0.943299328969185,0.944039784939199,0.579904634021127,0.7239098973494902,115,839,460,68,43
5,0.02,1200,1.0,1.0,1,1.0,0.0,0.7006573269964377,0.2384043697223587,115,0.31213298970318715,0.943299328969185,0.944039784939199,0.579904634021127,0.7239098973494902,115,839,460,68,43
5,0.02,600,1.0,1.0,1,1.0,0.0,0.7006251737917151,0.23837165142294495,115,0.31213298970318715,0.9431385629455722,0.944039784939199,0.579904634021127,0.7239098973494902,115,600,460,68,43
5,0.05,600,1.0,1.0,1,2.0,0.0,0.7003770828687947,0.20471210631251713,67,0.5003967755331553,0.9413969829398293,0.94996262695904,0.613920643728733,0.49620838518321586,67,510,189,35,11
5,0.05,900,1.0,1.0,1,2.0,0.0,0.7003770828687947,0.20471210631251713,67,0.5003967755331553,0.9413969829398293,0.94996262695904,0.613920643728733,0.49620838518321586,67,510,189,35,11
5,0.05,1200,1.0,1.0,1,2.0,0.0,0.7003770828687947,0.20471210631251713,67,0.5003967755331553,0.9413969829398293,0.94996262695904,0.613920643728733,0.49620838518321586,67,510,189,35,11
5,0.1,600,1.0,1.0,1,1.0,0.1,0.7003365625380158,0.24540001501685663,26,0.2835752872562183,0.9426758338679642,0.9198038092774475,0.5790537656992509,0.7765741165891985,26,128,106,13,10
5,0.1,900,1.0,1.0,1,1.0,0.1,0.7003365625380158,0.24540001501685663,26,0.2835752872562183,0.9426758338679642,0.9198038092774475,0.5790537656992509,0.7765741165891985,26,128,106,13,10
5,0.1,1200,1.0,1.0,1,1.0,0.1,0.7003365625380158,0.24540001501685663,26,0.2835752872562183,0.9426758338679642,0.9198038092774475,0.5790537656992509,0.7765741165891985,26,128,106,13,10
3,0.05,600,1.0,1.0,1,2.0,0.0,0.7002202079539472,0.20561049617437405,72,0.5231972836649169,0.9392863058825446,0.9598029577801419,0.5829034785451724,0.49591101389696046,72,140,243,34,11
3,0.05,900,1.0,1.0,1,2.0,0.0,0.7002202079539472,0.20561049617437405,72,0.5231972836649169,0.9392863058825446,0.9598029577801419,0.5829034785451724,0.49591101389696046,72,140,243,34,11
3,0.05,1200,1.0,1.0,1,2.0,0.0,0.7002202079539472,0.20561049617437405,72,0.5231972836649169,0.9392863058825446,0.9598029577801419,0.5829034785451724,0.49591101389696046,72,140,243,34,11
5,0.02,600,1.0,1.0,1,2.0,0.0,0.7002161852790741,0.20276377346615376,161,0.5055648645015685,0.9406322880958787,0.9471111877294041,0.6090890240057174,0.49868356206280173,161,582,553,87,28
5,0.02,900,1.0,1.0,1,2.0,0.0,0.7001123112393495,0.20263735841871194,161,0.5055648645015685,0.9406322880958787,0.9465918175307807,0.6090890240057174,0.49868356206280173,161,582,728,87,28
5,0.02,1200,1.0,1.0,1,2.0,0.0,0.7001123112393495,0.20263735841871194,161,0.5055648645015685,0.9406322880958787,0.9465918175307807,0.6090890240057174,0.49868356206280173,161,582,728,87,28
3,0.02,600,0.8,0.8,1,2.0,0.1,0.6999977080236665,0.22354028274263515,163,0.46156102061348414,0.9077482113214491,0.9607913397601109,0.7513034255417848,0.4185845428815036,153,403,274,163,25
3,0.02,900,0.8,0.8,1,2.0,0.1,0.6999977080236665,0.22354028274263515,163,0.46156102061348414,0.9077482113214491,0.9607913397601109,0.7513034255417848,0.4185845428815036,153,403,274,163,25
3,0.02,1200,0.8,0.8,1,2.0,0.1,0.6999977080236665,0.22354028274263515,163,0.46156102061348414,0.9077482113214491,0.9607913397601109,0.7513034255417848,0.4185845428815036,153,403,274,163,25
5,0.05,600,0.8,0.8,3,1.0,0.1,0.6996213377838684,0.16997557810010325,52,0.3965189679182579,0.756615354352792,0.870750816979612,0.8299625566669586,0.6442589930017214,52,44,274,55,18
5,0.05,900,0.8,0.8,3,1.0,0.1,0.6996213377838684,0.16997557810010325,52,0.3965189679182579,0.756615354352792,0.870750816979612,0.8299625566669586,0.6442589930017214,52,44,274,55,18
5,0.05,1200,0.8,0.8,3,1.0,0.1,0.6996213377838684,0.16997557810010325,52,0.3965189679182579,0.756615354352792,0.870750816979612,0.8299625566669586,0.6442589930017214,52,44,274,55,18
7,0.05,600,0.8,0.8,3,1.0,0.1,0.6995907885226653,0.1699504892844429,52,0.3965189679182579,0.756615354352792,0.8707160778292923,0.8298445495112633,0.6442589930017214,52,44,274,55,18
7,0.05,900,0.8,0.8,3,1.0,0.1,0.6995907885226653,0.1699504892844429,52,0.3965189679182579,0.756615354352792,0.8707160778292923,0.8298445495112633,0.6442589930017214,52,44,274,55,18
7,0.05,1200,0.8,0.8,3,1.0,0.1,0.6995907885226653,0.1699504892844429,52,0.3965189679182579,0.756615354352792,0.8707160778292923,0.8298445495112633,0.6442589930017214,52,44,274,55,18
3,0.02,600,0.8,0.8,1,1.0,0.0,0.699469936557699,0.2245314404904598,146,0.3893445423635026,0.8972017406791492,0.9636884043887887,0.7567104489454795,0.49040454641157505,146,307,272,126,25
3,0.02,900,0.8,0.8,1,1.0,0.0,0.699469936557699,0.2245314404904598,146,0.3893445423635026,0.8972017406791492,0.9636884043887887,0.7567104489454795,0.49040454641157505,146,307,272,126,25
3,0.02,1200,0.8,0.8,1,1.0,0.0,0.699469936557699,0.2245314404904598,146,0.3893445423635026,0.8972017406791492,0.9636884043887887,0.7567104489454795,0.49040454641157505,146,307,272,126,25
7,0.05,600,1.0,1.0,1,1.0,0.1,0.6989019152782994,0.2352284735237494,52,0.30155994407734965,0.9430455004285679,0.8976761170403719,0.5796109485108387,0.7726170663343687,52,239,214,27,20
7,0.05,900,1.0,1.0,1,1.0,0.1,0.6989019152782994,0.2352284735237494,52,0.30155994407734965,0.9430455004285679,0.8976761170403719,0.5796109485108387,0.7726170663343687,52,239,214,27,20
7,0.05,1200,1.0,1.0,1,1.0,0.1,0.6989019152782994,0.2352284735237494,52,0.30155994407734965,0.9430455004285679,0.8976761170403719,0.5796109485108387,0.7726170663343687,52,239,214,27,20
7,0.02,900,1.0,1.0,1,1.0,0.0,0.6988632096045053,0.24151769190391373,115,0.30209162324812044,0.9412840812983388,0.9457687571294946,0.5811265082667851,0.7240450780797875,115,675,312,68,43
7,0.02,1200,1.0,1.0,1,1.0,0.0,0.6988632096045053,0.24151769190391373,115,0.30209162324812044,0.9412840812983388,0.9457687571294946,0.5811265082667851,0.7240450780797875,115,675,312,68,43
7,0.02,600,1.0,1.0,1,1.0,0.0,0.6988601642136342,0.24151463518195362,115,0.30209162324812044,0.9412688543439832,0.9457687571294946,0.5811265082667851,0.7240450780797875,115,600,312,68,43
3,0.02,600,1.0,1.0,3,2.0,0.0,0.6988293003859638,0.1893032402852443,127,0.4943390838768159,0.875435024060304,0.8837543340461712,0.7930004018254406,0.4476176581210878,126,201,551,127,24
3,0.02,900,1.0,1.0,3,2.0,0.0,0.6988293003859638,0.1893032402852443,127,0.4943390838768159,0.875435024060304,0.8837543340461712,0.7930004018254406,0.4476176581210878,126,201,551,127,24
3,0.02,1200,1.0,1.0,3,2.0,0.0,0.6988293003859638,0.1893032402852443,127,0.4943390838768159,0.875435024060304,0.8837543340461712,0.7930004018254406,0.4476176581210878,126,201,551,127,24
5,0.02,600,1.0,1.0,1,1.0,0.1,0.6985401426657927,0.24380004316270965,135,0.2889161981298428,0.9408898945479788,0.9250553200850621,0.5751026627038417,0.7627366378622377,135,437,568,68,49
5,0.02,900,1.0,1.0,1,1.0,0.1,0.6985401426657927,0.24380004316270965,135,0.2889161981298428,0.9408898945479788,0.9250553200850621,0.5751026627038417,0.7627366378622377,135,437,568,68,49
5,0.02,1200,1.0,1.0,1,1.0,0.1,0.6985401426657927,0.24380004316270965,135,0.2889161981298428,0.9408898945479788,0.9250553200850621,0.5751026627038417,0.7627366378622377,135,437,568,68,49
3,0.1,600,1.0,0.8,1,1.0,0.1,0.6979107114331774,0.22346316063516475,26,0.2996819886104789,0.840538863913579,0.955334676208106,0.7443342823593619,0.6496637460743613,32,26,109,25,7
3,0.1,900,1.0,0.8,1,1.0,0.1,0.6979107114331774,0.22346316063516475,26,0.2996819886104789,0.840538863913579,0.955334676208106,0.7443342823593619,0.6496637460743613,32,26,109,25,7
3,0.1,1200,1.0,0.8,1,1.0,0.1,0.6979107114331774,0.22346316063516475,26,0.2996819886104789,0.840538863913579,0.955334676208106,0.7443342823593619,0.6496637460743613,32,26,109,25,7
3,0.1,600,1.0,1.0,1,2.0,0.0,0.6979004552585117,0.21309549237279435,35,0.46416082527483715,0.9381533630081869,0.9705338694109433,0.5848068536714179,0.5318473649271733,35,67,84,17,6
3,0.1,900,1.0,1.0,1,2.0,0.0,0.6979004552585117,0.21309549237279435,35,0.46416082527483715,0.9381533630081869,0.9705338694109433,0.5848068536714179,0.5318473649271733,35,67,84,17,6
3,0.1,1200,1.0,1.0,1,2.0,0.0,0.6979004552585117,0.21309549237279435,35,0.46416082527483715,0.9381533630081869,0.9705338694109433,0.5848068536714179,0.5318473649271733,35,67,84,17,6
3,0.02,600,0.8,0.8,1,1.0,0.1,0.6971465888436656,0.2125086689960977,148,0.41687345790942487,0.8672087321912916,0.9646322299625686,0.7496757306244664,0.48734279353057663,148,208,272,126,25
3,0.02,900,0.8,0.8,1,1.0,0.1,0.6971465888436656,0.2125086689960977,148,0.41687345790942487,0.8672087321912916,0.9646322299625686,0.7496757306244664,0.48734279353057663,148,208,272,126,25
3,0.02,1200,0.8,0.8,1,1.0,0.1,0.6971465888436656,0.2125086689960977,148,0.41687345790942487,0.8672087321912916,0.9646322299625686,0.7496757306244664,0.48734279353057663,148,208,272,126,25
5,0.05,600,1.0,1.0,1,1.0,0.1,0.6970559011892712,0.2447043703758921,51,0.28374648650946444,0.9418368725620696,0.9237500111835804,0.5797208545605345,0.756225281130707,51,245,228,27,19
5,0.05,900,1.0,1.0,1,1.0,0.1,0.6970559011892712,0.2447043703758921,51,0.28374648650946444,0.9418368725620696,0.9237500111835804,0.5797208545605345,0.756225281130707,51,245,228,27,19
5,0.05,1200,1.0,1.0,1,1.0,0.1,0.6970559011892712,0.2447043703758921,51,0.28374648650946444,0.9418368725620696,0.9237500111835804,0.5797208545605345,0.756225281130707,51,245,228,27,19
3,0.02,600,1.0,1.0,1,2.0,0.1,0.6963194497195977,0.2101720132007709,177,0.5090563956122635,0.9383420988804686,0.9647217426564996,0.573224657424136,0.4962523540246202,177,350,468,86,28
3,0.02,900,1.0,1.0,1,2.0,0.1,0.6963194497195977,0.2101720132007709,177,0.5090563956122635,0.9383420988804686,0.9647217426564996,0.573224657424136,0.4962523540246202,177,350,468,86,28
3,0.02,1200,1.0,1.0,1,2.0,0.1,0.6963194497195977,0.2101720132007709,177,0.5090563956122635,0.9383420988804686,0.9647217426564996,0.573224657424136,0.4962523540246202,177,350,468,86,28
3,0.02,600,1.0,1.0,1,2.0,0.0,0.6946905222849479,0.21198399523939743,174,0.5185703085044896,0.9389791596159378,0.9627349636251676,0.5796097221543501,0.47355845752479375,174,343,596,86,26
3,0.02,900,1.0,1.0,1,2.0,0.0,0.6946586030570554,0.21194364055047374,174,0.5185703085044896,0.9389791596159378,0.9625753674857054,0.5796097221543501,0.47355845752479375,174,343,604,86,26
3,0.02,1200,1.0,1.0,1,2.0,0.0,0.6946586030570554,0.21194364055047374,174,0.5185703085044896,0.9389791596159378,0.9625753674857054,0.5796097221543501,0.47355845752479375,174,343,604,86,26
3,0.05,600,1.0,1.0,1,2.0,0.1,0.694084843442873,0.21300767814435187,72,0.498811917948762,0.9424308226667362,0.9627585113828203,0.5726329083664004,0.4937900568496467,72,269,181,34,11
3,0.05,900,1.0,1.0,1,2.0,0.1,0.694084843442873,0.21300767814435187,72,0.498811917948762,0.9424308226667362,0.9627585113828203,0.5726329083664004,0.4937900568496467,72,269,181,34,11
3,0.05,1200,1.0,1.0,1,2.0,0.1,0.694084843442873,0.21300767814435187,72,0.498811917948762,0.9424308226667362,0.9627585113828203,0.5726329083664004,0.4937900568496467,72,269,181,34,11
3,0.05,600,1.0,1.0,3,2.0,0.0,0.6938927800379634,0.1786766239021399,53,0.45970397195032586,0.8777044392506882,0.8420921813585892,0.7937228664307135,0.49624044119950006,53,81,598,50,11
3,0.05,900,1.0,1.0,3,2.0,0.0,0.6938927800379634,0.1786766239021399,53,0.45970397195032586,0.8777044392506882,0.8420921813585892,0.7937228664307135,0.49624044119950006,53,81,598,50,11
3,0.05,1200,1.0,1.0,3,2.0,0.0,0.6938927800379634,0.1786766239021399,53,0.45970397195032586,0.8777044392506882,0.8420921813585892,0.7937228664307135,0.49624044119950006,53,81,598,50,11
7,0.02,900,1.0,1.0,1,1.0,0.1,0.6912249128018345,0.24388257091349724,131,0.2749839089526067,0.9429926109674535,0.8940983419735825,0.5749293263256703,0.7691203757898595,131,618,530,68,50
7,0.02,1200,1.0,1.0,1,1.0,0.1,0.6912249128018345,0.24388257091349724,131,0.2749839089526067,0.9429926109674535,0.8940983419735825,0.5749293263256703,0.7691203757898595,131,618,530,68,50
7,0.02,600,1.0,1.0,1,1.0,0.1,0.6912159504614206,0.24387331928900868,131,0.2749839089526067,0.9429477992653833,0.8940983419735825,0.5749293263256703,0.7691203757898595,131,599,530,68,50
3,0.1,1200,0.8,1.0,3,2.0,0.1,0.6911134377706512,0.2092169530389898,30,0.42110696312377727,0.9221739469669261,0.8816147520801316,0.764986939908272,0.4656845867741495,27,57,968,30,7
3,0.1,900,0.8,1.0,3,2.0,0.1,0.6909684766464519,0.2090851188498633,30,0.42110696312377727,0.9221739469669261,0.8808899464591348,0.764986939908272,0.4656845867741495,27,57,851,30,7
3,0.1,600,0.8,1.0,3,2.0,0.1,0.690702144669903,0.20884373664168096,30,0.42110696312377727,0.9221739469669261,0.87955828657639,0.764986939908272,0.4656845867741495,27,57,596,30,7
3,0.1,600,0.8,1.0,3,2.0,0.0,0.6895980796118882,0.20137072811194043,28,0.4248353691844854,0.9226183982481632,0.8771160858041279,0.7363238055931554,0.48709673922950947,27,57,470,28,8
3,0.1,900,0.8,1.0,3,2.0,0.0,0.6895980796118882,0.20137072811194043,28,0.4248353691844854,0.9226183982481632,0.8771160858041279,0.7363238055931554,0.48709673922950947,27,57,470,28,8
3,0.1,1200,0.8,1.0,3,2.0,0.0,0.6895980796118882,0.20137072811194043,28,0.4248353691844854,0.9226183982481632,0.8771160858041279,0.7363238055931554,0.48709673922950947,27,57,470,28,8
3,0.1,600,0.8,1.0,1,1.0,0.0,0.6888381704282827,0.2296260122190459,28,0.314617871957216,0.9373261940991207,0.9248195135481231,0.6403760273249531,0.6270512452120001,28,59,204,18,8
3,0.1,900,0.8,1.0,1,1.0,0.0,0.6888381704282827,0.2296260122190459,28,0.314617871957216,0.9373261940991207,0.9248195135481231,0.6403760273249531,0.6270512452120001,28,59,204,18,8
3,0.1,1200,0.8,1.0,1,1.0,0.0,0.6888381704282827,0.2296260122190459,28,0.314617871957216,0.9373261940991207,0.9248195135481231,0.6403760273249531,0.6270512452120001,28,59,204,18,8
3,0.1,600,0.8,0.8,3,2.0,0.0,0.6878297146985866,0.24180038412841592,29,0.557188270265129,0.8705260620075789,0.9492781459353243,0.7804718467370073,0.2816842485478932,23,44,59,29,4
3,0.1,900,0.8,0.8,3,2.0,0.0,0.6878297146985866,0.24180038412841592,29,0.557188270265129,0.8705260620075789,0.9492781459353243,0.7804718467370073,0.2816842485478932,23,44,59,29,4
3,0.1,1200,0.8,0.8,3,2.0,0.0,0.6878297146985866,0.24180038412841592,29,0.557188270265129,0.8705260620075789,0.9492781459353243,0.7804718467370073,0.2816842485478932,23,44,59,29,4
7,0.1,600,0.8,0.8,3,2.0,0.0,0.6866632693677622,0.24153036407849565,29,0.5524339155954974,0.8692706345396605,0.9447493221624961,0.7851782259932636,0.2816842485478932,23,44,73,29,4
7,0.1,900,0.8,0.8,3,2.0,0.0,0.6866632693677622,0.24153036407849565,29,0.5524339155954974,0.8692706345396605,0.9447493221624961,0.7851782259932636,0.2816842485478932,23,44,73,29,4
7,0.1,1200,0.8,0.8,3,2.0,0.0,0.6866632693677622,0.24153036407849565,29,0.5524339155954974,0.8692706345396605,0.9447493221624961,0.7851782259932636,0.2816842485478932,23,44,73,29,4
5,0.1,600,0.8,0.8,3,2.0,0.0,0.6863760296365651,0.2412332346117231,29,0.5524339155954974,0.8693924720290173,0.9433192468419896,0.7850502651684278,0.2816842485478932,23,44,73,29,4
5,0.1,900,0.8,0.8,3,2.0,0.0,0.6863760296365651,0.2412332346117231,29,0.5524339155954974,0.8693924720290173,0.9433192468419896,0.7850502651684278,0.2816842485478932,23,44,73,29,4
5,0.1,1200,0.8,0.8,3,2.0,0.0,0.6863760296365651,0.2412332346117231,29,0.5524339155954974,0.8693924720290173,0.9433192468419896,0.7850502651684278,0.2816842485478932,23,44,73,29,4
5,0.1,600,0.8,0.8,1,1.0,0.0,0.686047096481992,0.22895856226921776,31,0.4636929480603865,0.8763440049554699,0.9378543555545553,0.7870084029481612,0.36533577089138713,25,44,144,31,4
5,0.1,900,0.8,0.8,1,1.0,0.0,0.686047096481992,0.22895856226921776,31,0.4636929480603865,0.8763440049554699,0.9378543555545553,0.7870084029481612,0.36533577089138713,25,44,144,31,4
5,0.1,1200,0.8,0.8,1,1.0,0.0,0.686047096481992,0.22895856226921776,31,0.4636929480603865,0.8763440049554699,0.9378543555545553,0.7870084029481612,0.36533577089138713,25,44,144,31,4
3,0.1,600,0.8,0.8,3,2.0,0.1,0.6842396957078014,0.24084876776631234,28,0.55850953122964,0.8672765054747014,0.949867177030204,0.7657015446221144,0.27984372018234727,23,44,59,28,4
3,0.1,900,0.8,0.8,3,2.0,0.1,0.6842396957078014,0.24084876776631234,28,0.55850953122964,0.8672765054747014,0.949867177030204,0.7657015446221144,0.27984372018234727,23,44,59,28,4
3,0.1,1200,0.8,0.8,3,2.0,0.1,0.6842396957078014,0.24084876776631234,28,0.55850953122964,0.8672765054747014,0.949867177030204,0.7657015446221144,0.27984372018234727,23,44,59,28,4
5,0.1,600,0.8,0.8,3,2.0,0.1,0.6827392912264848,0.2409353466283821,28,0.5529783180845179,0.8652177925027019,0.9485909720211794,0.7670656533416779,0.27984372018234727,23,44,59,28,4
5,0.1,900,0.8,0.8,3,2.0,0.1,0.6827392912264848,0.2409353466283821,28,0.5529783180845179,0.8652177925027019,0.9485909720211794,0.7670656533416779,0.27984372018234727,23,44,59,28,4
5,0.1,1200,0.8,0.8,3,2.0,0.1,0.6827392912264848,0.2409353466283821,28,0.5529783180845179,0.8652177925027019,0.9485909720211794,0.7670656533416779,0.27984372018234727,23,44,59,28,4
7,0.1,600,0.8,0.8,3,2.0,0.1,0.6826096039692868,0.24077784122542145,28,0.5529783180845179,0.865173187769001,0.9478701450875293,0.7671826487230384,0.27984372018234727,23,44,59,28,4
7,0.1,900,0.8,0.8,3,2.0,0.1,0.6826096039692868,0.24077784122542145,28,0.5529783180845179,0.865173187769001,0.9478701450875293,0.7671826487230384,0.27984372018234727,23,44,59,28,4
7,0.1,1200,0.8,0.8,3,2.0,0.1,0.6826096039692868,0.24077784122542145,28,0.5529783180845179,0.865173187769001,0.9478701450875293,0.7671826487230384,0.27984372018234727,23,44,59,28,4
7,0.1,600,0.8,0.8,1,1.0,0.0,0.6817471538414194,0.2270650388829533,31,0.4592806125260228,0.8615402745294304,0.9367502070404773,0.7858289042197791,0.36533577089138713,25,44,164,31,4
7,0.1,900,0.8,0.8,1,1.0,0.0,0.6817471538414194,0.2270650388829533,31,0.4592806125260228,0.8615402745294304,0.9367502070404773,0.7858289042197791,0.36533577089138713,25,44,164,31,4
7,0.1,1200,0.8,0.8,1,1.0,0.0,0.6817471538414194,0.2270650388829533,31,0.4592806125260228,0.8615402745294304,0.9367502070404773,0.7858289042197791,0.36533577089138713,25,44,164,31,4
7,0.1,600,0.8,0.8,3,1.0,0.0,0.6804003655459495,0.2486522478438541,27,0.4435543959247059,0.8916752951612903,0.9398732541776091,0.8019084264371118,0.3249904560290301,23,44,73,27,4
7,0.1,900,0.8,0.8,3,1.0,0.0,0.6804003655459495,0.2486522478438541,27,0.4435543959247059,0.8916752951612903,0.9398732541776091,0.8019084264371118,0.3249904560290301,23,44,73,27,4
7,0.1,1200,0.8,0.8,3,1.0,0.0,0.6804003655459495,0.2486522478438541,27,0.4435543959247059,0.8916752951612903,0.9398732541776091,0.8019084264371118,0.3249904560290301,23,44,73,27,4
5,0.1,600,0.8,0.8,3,1.0,0.0,0.6803141607881382,0.24928884379327051,27,0.4415988280195673,0.8871318077924321,0.9437136487910581,0.8041360633086039,0.3249904560290301,23,44,69,27,4
5,0.1,900,0.8,0.8,3,1.0,0.0,0.6803141607881382,0.24928884379327051,27,0.4415988280195673,0.8871318077924321,0.9437136487910581,0.8041360633086039,0.3249904560290301,23,44,69,27,4
5,0.1,1200,0.8,0.8,3,1.0,0.0,0.6803141607881382,0.24928884379327051,27,0.4415988280195673,0.8871318077924321,0.9437136487910581,0.8041360633086039,0.3249904560290301,23,44,69,27,4
3,0.05,600,0.8,0.8,3,2.0,0.0,0.6753966194473253,0.2026432236663566,61,0.3905480578361389,0.7176730052793692,0.9399920156357894,0.825850407758499,0.5029196107268303,61,44,73,63,14
3,0.05,900,0.8,0.8,3,2.0,0.0,0.6753966194473253,0.2026432236663566,61,0.3905480578361389,0.7176730052793692,0.9399920156357894,0.825850407758499,0.5029196107268303,61,44,73,63,14
3,0.05,1200,0.8,0.8,3,2.0,0.0,0.6753966194473253,0.2026432236663566,61,0.3905480578361389,0.7176730052793692,0.9399920156357894,0.825850407758499,0.5029196107268303,61,44,73,63,14
7,0.1,600,0.8,0.8,1,1.0,0.1,0.6734092672842544,0.24845039641816147,35,0.3921997123225258,0.8760623349511929,0.9536196552084852,0.7842907348996339,0.36087389903943423,33,44,160,35,4
7,0.1,900,0.8,0.8,1,1.0,0.1,0.6734092672842544,0.24845039641816147,35,0.3921997123225258,0.8760623349511929,0.9536196552084852,0.7842907348996339,0.36087389903943423,33,44,160,35,4
7,0.1,1200,0.8,0.8,1,1.0,0.1,0.6734092672842544,0.24845039641816147,35,0.3921997123225258,0.8760623349511929,0.9536196552084852,0.7842907348996339,0.36087389903943423,33,44,160,35,4
3,0.1,600,0.8,0.8,1,1.0,0.0,0.6731308268431183,0.23648408110665148,27,0.42628901498786287,0.871877275532286,0.9527162026506536,0.7500393655143514,0.36473227553043785,25,44,189,27,4
3,0.1,900,0.8,0.8,1,1.0,0.0,0.6731308268431183,0.23648408110665148,27,0.42628901498786287,0.871877275532286,0.9527162026506536,0.7500393655143514,0.36473227553043785,25,44,189,27,4
3,0.1,1200,0.8,0.8,1,1.0,0.0,0.6731308268431183,0.23648408110665148,27,0.42628901498786287,0.871877275532286,0.9527162026506536,0.7500393655143514,0.36473227553043785,25,44,189,27,4
3,0.1,600,0.8,0.8,3,1.0,0.1,0.6726165299304907,0.23777493475637612,23,0.47739473597135107,0.8835085479928042,0.9415977161358448,0.7391370776097627,0.32144457194269094,23,44,59,23,4
3,0.1,900,0.8,0.8,3,1.0,0.1,0.6726165299304907,0.23777493475637612,23,0.47739473597135107,0.8835085479928042,0.9415977161358448,0.7391370776097627,0.32144457194269094,23,44,59,23,4
3,0.1,1200,0.8,0.8,3,1.0,0.1,0.6726165299304907,0.23777493475637612,23,0.47739473597135107,0.8835085479928042,0.9415977161358448,0.7391370776097627,0.32144457194269094,23,44,59,23,4
5,0.1,600,0.8,0.8,1,1.0,0.1,0.6720209918901034,0.24482697089513103,35,0.39890253505081463,0.8584337126439867,0.9558057716724845,0.7860890410437973,0.36087389903943423,33,44,160,35,4
5,0.1,900,0.8,0.8,1,1.0,0.1,0.6720209918901034,0.24482697089513103,35,0.39890253505081463,0.8584337126439867,0.9558057716724845,0.7860890410437973,0.36087389903943423,33,44,160,35,4
5,0.1,1200,0.8,0.8,1,1.0,0.1,0.6720209918901034,0.24482697089513103,35,0.39890253505081463,0.8584337126439867,0.9558057716724845,0.7860890410437973,0.36087389903943423,33,44,160,35,4
3,0.1,600,0.8,0.8,3,1.0,0.0,0.670550285134002,0.23919915171226122,23,0.46340253466318226,0.8870018889890614,0.9365470022095083,0.7422683690768633,0.323531630731395,23,44,59,23,4
3,0.1,900,0.8,0.8,3,1.0,0.0,0.670550285134002,0.23919915171226122,23,0.46340253466318226,0.8870018889890614,0.9365470022095083,0.7422683690768633,0.323531630731395,23,44,59,23,4
3,0.1,1200,0.8,0.8,3,1.0,0.0,0.670550285134002,0.23919915171226122,23,0.46340253466318226,0.8870018889890614,0.9365470022095083,0.7422683690768633,0.323531630731395,23,44,59,23,4
3,0.1,600,0.8,0.8,1,1.0,0.1,0.6690192316693692,0.25012461695251165,32,0.3823207161026003,0.8800474356329955,0.9541407192894942,0.7678292892634835,0.360757998058272,32,45,584,29,4
3,0.1,900,0.8,0.8,1,1.0,0.1,0.6689145496049808,0.2500053471970709,32,0.3823207161026003,0.8800474356329955,0.9536173089675523,0.7678292892634835,0.360757998058272,32,45,744,29,4
3,0.1,1200,0.8,0.8,1,1.0,0.1,0.6689145496049808,0.2500053471970709,32,0.3823207161026003,0.8800474356329955,0.9536173089675523,0.7678292892634835,0.360757998058272,32,45,744,29,4
7,0.1,600,0.8,0.8,3,1.0,0.1,0.6688115694319048,0.2441369025029657,23,0.4492161452334754,0.8837542598104329,0.9472449591327272,0.7423832916039064,0.3214591913789817,23,44,62,23,4
7,0.1,900,0.8,0.8,3,1.0,0.1,0.6688115694319048,0.2441369025029657,23,0.4492161452334754,0.8837542598104329,0.9472449591327272,0.7423832916039064,0.3214591913789817,23,44,62,23,4
7,0.1,1200,0.8,0.8,3,1.0,0.1,0.6688115694319048,0.2441369025029657,23,0.4492161452334754,0.8837542598104329,0.9472449591327272,0.7423832916039064,0.3214591913789817,23,44,62,23,4
5,0.1,600,0.8,0.8,3,1.0,0.1,0.6686542252065768,0.2439561018080932,23,0.4492161452334754,0.883770191103886,0.9464382963910196,0.7423873019255209,0.3214591913789817,23,44,62,23,4
5,0.1,900,0.8,0.8,3,1.0,0.1,0.6686542252065768,0.2439561018080932,23,0.4492161452334754,0.883770191103886,0.9464382963910196,0.7423873019255209,0.3214591913789817,23,44,62,23,4
5,0.1,1200,0.8,0.8,3,1.0,0.1,0.6686542252065768,0.2439561018080932,23,0.4492161452334754,0.883770191103886,0.9464382963910196,0.7423873019255209,0.3214591913789817,23,44,62,23,4
7,0.1,600,0.8,0.8,1,2.0,0.1,0.6635786449714756,0.24753351045060887,44,0.4605682587629938,0.8531313590384508,0.9458455500283351,0.7673094292007682,0.29103862782683,25,44,160,47,4
7,0.1,900,0.8,0.8,1,2.0,0.1,0.6635786449714756,0.24753351045060887,44,0.4605682587629938,0.8531313590384508,0.9458455500283351,0.7673094292007682,0.29103862782683,25,44,160,47,4
7,0.1,1200,0.8,0.8,1,2.0,0.1,0.6635786449714756,0.24753351045060887,44,0.4605682587629938,0.8531313590384508,0.9458455500283351,0.7673094292007682,0.29103862782683,25,44,160,47,4
5,0.1,600,0.8,0.8,1,2.0,0.1,0.6633794757393083,0.24672289582650958,44,0.4620997212098502,0.8526035246320878,0.9436788142210517,0.7674766908067219,0.29103862782683,25,44,160,47,4
5,0.1,900,0.8,0.8,1,2.0,0.1,0.6633794757393083,0.24672289582650958,44,0.4620997212098502,0.8526035246320878,0.9436788142210517,0.7674766908067219,0.29103862782683,25,44,160,47,4
5,0.1,1200,0.8,0.8,1,2.0,0.1,0.6633794757393083,0.24672289582650958,44,0.4620997212098502,0.8526035246320878,0.9436788142210517,0.7674766908067219,0.29103862782683,25,44,160,47,4
5,0.1,600,0.8,1.0,1,1.0,0.1,0.6604766124060062,0.251324172414014,22,0.4371573087963163,0.9400915712865204,0.9242389348781419,0.6834422194781296,0.31745302759092286,22,68,84,20,3
5,0.1,900,0.8,1.0,1,1.0,0.1,0.6604766124060062,0.251324172414014,22,0.4371573087963163,0.9400915712865204,0.9242389348781419,0.6834422194781296,0.31745302759092286,22,68,84,20,3
5,0.1,1200,0.8,1.0,1,1.0,0.1,0.6604766124060062,0.251324172414014,22,0.4371573087963163,0.9400915712865204,0.9242389348781419,0.6834422194781296,0.31745302759092286,22,68,84,20,3
3,0.1,600,0.8,0.8,1,2.0,0.0,0.6603914895244165,0.2501434272178158,38,0.4501226457189974,0.8547772150109062,0.9576168186730583,0.7465906751002528,0.29285009311886734,24,44,109,38,4
3,0.1,900,0.8,0.8,1,2.0,0.0,0.6603914895244165,0.2501434272178158,38,0.4501226457189974,0.8547772150109062,0.9576168186730583,0.7465906751002528,0.29285009311886734,24,44,109,38,4
3,0.1,1200,0.8,0.8,1,2.0,0.0,0.6603914895244165,0.2501434272178158,38,0.4501226457189974,0.8547772150109062,0.9576168186730583,0.7465906751002528,0.29285009311886734,24,44,109,38,4
5,0.1,600,0.8,0.8,1,2.0,0.0,0.6588845570826752,0.23645609866963746,38,0.479065448621268,0.8455827090387618,0.9221523725617742,0.754643010039284,0.2929792451522888,24,44,166,38,4
5,0.1,900,0.8,0.8,1,2.0,0.0,0.6588845570826752,0.23645609866963746,38,0.479065448621268,0.8455827090387618,0.9221523725617742,0.754643010039284,0.2929792451522888,24,44,166,38,4
5,0.1,1200,0.8,0.8,1,2.0,0.0,0.6588845570826752,0.23645609866963746,38,0.479065448621268,0.8455827090387618,0.9221523725617742,0.754643010039284,0.2929792451522888,24,44,166,38,4
7,0.1,600,0.8,1.0,1,1.0,0.1,0.6588818830720807,0.24952664964001411,22,0.4371376769009492,0.9366834407658454,0.9192142138038846,0.6839210562988017,0.31745302759092286,22,55,149,20,3
7,0.1,900,0.8,1.0,1,1.0,0.1,0.6588818830720807,0.24952664964001411,22,0.4371376769009492,0.9366834407658454,0.9192142138038846,0.6839210562988017,0.31745302759092286,22,55,149,20,3
7,0.1,1200,0.8,1.0,1,1.0,0.1,0.6588818830720807,0.24952664964001411,22,0.4371376769009492,0.9366834407658454,0.9192142138038846,0.6839210562988017,0.31745302759092286,22,55,149,20,3
7,0.1,600,0.8,0.8,1,2.0,0.0,0.6574039897461141,0.23662753077398754,38,0.47553684528747486,0.8454650891157879,0.9218137644159876,0.7512250047590318,0.2929792451522888,24,44,318,38,4
7,0.1,900,0.8,0.8,1,2.0,0.0,0.6574039897461141,0.23662753077398754,38,0.47553684528747486,0.8454650891157879,0.9218137644159876,0.7512250047590318,0.2929792451522888,24,44,318,38,4
7,0.1,1200,0.8,0.8,1,2.0,0.0,0.6574039897461141,0.23662753077398754,38,0.47553684528747486,0.8454650891157879,0.9218137644159876,0.7512250047590318,0.2929792451522888,24,44,318,38,4
3,0.1,600,0.8,0.8,1,2.0,0.1,0.6564478254382994,0.2572170916451084,38,0.4199728202607631,0.8575489304962809,0.9581306691260663,0.7556382629537488,0.29094844435463796,25,44,163,38,4
3,0.1,900,0.8,0.8,1,2.0,0.1,0.6564478254382994,0.2572170916451084,38,0.4199728202607631,0.8575489304962809,0.9581306691260663,0.7556382629537488,0.29094844435463796,25,44,163,38,4
3,0.1,1200,0.8,0.8,1,2.0,0.1,0.6564478254382994,0.2572170916451084,38,0.4199728202607631,0.8575489304962809,0.9581306691260663,0.7556382629537488,0.29094844435463796,25,44,163,38,4
